Season,Rank,Team,Points,Wins,Draws,Losses,GoalsFor,GoalsAgainst,GoalDiff,TitleProb,Top4Prob,RelegationProb
2026,1,Arsenal,80.03,24.34,7.01,6.65,65.88,31.16,34.72,0.4608,0.9414,0.0
2026,2,Manchester City,79.09,23.97,7.18,6.85,81.03,44.89,36.14,0.4232,0.9224,0.0
2026,3,Brighton & Hove Albion,64.67,18.66,8.68,10.66,80.46,53.69,26.77,0.0438,0.4852,0.0028
2026,4,Manchester United,61.02,17.1,9.73,11.18,69.4,54.03,15.37,0.0212,0.332,0.005
2026,5,Liverpool,60.69,16.6,10.89,10.51,63.59,51.75,11.84,0.021,0.3138,0.0084
2026,6,Everton,57.18,15.37,11.07,11.56,57.3,51.88,5.42,0.009,0.2016,0.017
2026,7,Bournemouth,56.8,15.35,10.76,11.89,60.3,50.28,10.03,0.0064,0.1934,0.0226
2026,8,Leeds United,53.66,14.28,10.84,12.89,52.09,48.66,3.43,0.003,0.1242,0.038
2026,9,Brentford,52.04,13.78,10.7,13.52,59.68,57.06,2.61,0.0032,0.0984,0.0546
2026,10,Sunderland,51.37,14.07,9.16,14.77,58.91,61.13,-2.22,0.0024,0.0816,0.0606
2026,11,Chelsea,50.78,13.9,9.08,15.02,65.31,70.67,-5.36,0.0012,0.0762,0.0674
2026,12,Nottingham Forest,49.84,13.3,9.95,14.75,55.04,56.38,-1.34,0.0014,0.0642,0.0798
2026,13,Aston Villa,49.19,13.4,9.0,15.6,55.92,62.58,-6.66,0.0012,0.0546,0.0922
2026,14,Newcastle United,48.38,12.84,9.85,15.31,58.57,67.11,-8.54,0.002,0.0518,0.0962
2026,15,Fulham,45.93,12.03,9.84,16.13,46.53,53.84,-7.31,0.0,0.029,0.1472
2026,16,Crystal Palace,43.16,11.38,9.03,17.59,52.85,70.25,-17.41,0.0,0.0158,0.2298
2026,17,Tottenham Hotspur,42.26,10.77,9.95,17.28,41.19,54.89,-13.7,0.0002,0.012,0.244
2026,18,Coventry City,35.92,9.45,7.58,20.97,41.92,67.1,-25.18,0.0,0.0018,0.5144
2026,19,Ipswich Town,34.11,9.02,7.04,21.93,46.69,75.53,-28.85,0.0,0.0004,0.5888
2026,20,Hull City,30.9,7.44,8.56,21.99,38.73,68.48,-29.75,0.0,0.0002,0.7312
2027,1,Arsenal,69.0,20.34,7.99,9.67,87.71,68.12,19.6,0.273,0.6476,0.0062
2027,2,Manchester City,66.76,19.57,8.04,10.38,86.78,70.18,16.6,0.2074,0.5754,0.0112
2027,3,Manchester United,59.36,17.0,8.36,12.64,82.19,74.43,7.76,0.0786,0.328,0.0458
2027,4,Brighton & Hove Albion,58.63,16.78,8.3,12.92,81.65,74.74,6.91,0.0694,0.3054,0.0506
2027,5,Bournemouth,57.54,16.37,8.43,13.2,80.74,74.94,5.8,0.0594,0.2694,0.0604
2027,6,Liverpool,57.11,16.25,8.35,13.4,80.83,75.57,5.26,0.0636,0.26,0.0634
2027,7,Everton,54.09,15.22,8.43,14.35,78.79,77.26,1.53,0.032,0.1912,0.103
2027,8,Sunderland,52.9,14.84,8.37,14.79,78.19,78.08,0.11,0.0296,0.1684,0.1184
2027,9,Leeds United,52.51,14.7,8.39,14.9,77.75,78.05,-0.3,0.0236,0.1594,0.1204
2027,10,Aston Villa,52.18,14.6,8.37,15.02,77.64,78.68,-1.04,0.0254,0.1534,0.1264
2027,11,Nottingham Forest,51.92,14.51,8.4,15.09,77.44,78.6,-1.15,0.023,0.1492,0.1248
2027,12,Brentford,51.66,14.43,8.37,15.2,77.58,78.71,-1.13,0.024,0.146,0.1366
2027,13,Chelsea,51.06,14.2,8.45,15.35,77.33,79.27,-1.94,0.0184,0.1294,0.1428
2027,14,Fulham,50.39,13.99,8.41,15.6,76.2,79.1,-2.9,0.0182,0.1234,0.1594
2027,15,Newcastle United,49.42,13.67,8.4,15.93,76.26,80.33,-4.07,0.0152,0.1064,0.176
2027,16,Tottenham Hotspur,47.97,13.2,8.38,16.42,74.91,80.58,-5.66,0.0122,0.0876,0.2164
2027,17,Crystal Palace,47.4,13.0,8.39,16.61,75.01,81.58,-6.57,0.0116,0.0798,0.2192
2027,18,Coventry City,45.58,12.44,8.27,17.29,73.73,82.81,-9.08,0.0082,0.0634,0.2688
2027,19,Ipswich Town,42.85,11.55,8.21,18.25,72.14,84.59,-12.45,0.0056,0.0414,0.3568
2027,20,Hull City,38.47,10.11,8.13,19.76,69.51,86.77,-17.26,0.0016,0.0152,0.4934
