season,home_team,away_team,predicted_result,home_goals,away_goals
2026,Nottingham Forest,Everton,home team win,2,0
2026,Fulham,Manchester United,away team win,0,1
2026,Newcastle United,Aston Villa,away team win,0,4
2026,Crystal Palace,Tottenham Hotspur,draw,0,0
2026,Manchester City,Brighton & Hove Albion,away team win,1,2
2026,Leeds United,Bournemouth,draw,0,0
2026,Chelsea,West Ham United,home team win,1,0
2026,Wolverhampton Wanderers,Liverpool,home team win,1,0
2026,Brentford,Burnley,draw,1,1
2026,Arsenal,Sunderland,home team win,3,0
2026,Nottingham Forest,Manchester United,home team win,2,0
2026,Everton,Aston Villa,home team win,3,1
2026,Fulham,Tottenham Hotspur,home team win,1,0
2026,Newcastle United,Brighton & Hove Albion,away team win,0,1
2026,Crystal Palace,Bournemouth,home team win,2,1
2026,Manchester City,West Ham United,home team win,3,1
2026,Leeds United,Liverpool,away team win,1,2
2026,Chelsea,Burnley,home team win,2,1
2026,Wolverhampton Wanderers,Sunderland,away team win,1,3
2026,Brentford,Arsenal,home team win,1,0
2026,Nottingham Forest,Aston Villa,home team win,4,1
2026,Manchester United,Tottenham Hotspur,home team win,1,0
2026,Everton,Brighton & Hove Albion,home team win,2,0
2026,Fulham,Bournemouth,away team win,0,2
2026,Newcastle United,West Ham United,home team win,1,0
2026,Crystal Palace,Liverpool,away team win,0,3
2026,Manchester City,Burnley,home team win,1,0
2026,Leeds United,Sunderland,away team win,0,3
2026,Chelsea,Arsenal,draw,1,1
2026,Wolverhampton Wanderers,Brentford,draw,2,2
2026,Nottingham Forest,Tottenham Hotspur,draw,1,1
2026,Aston Villa,Brighton & Hove Albion,away team win,1,2
2026,Manchester United,Bournemouth,draw,0,0
2026,Everton,West Ham United,home team win,1,0
2026,Fulham,Liverpool,away team win,1,2
2026,Newcastle United,Burnley,draw,0,0
2026,Crystal Palace,Sunderland,home team win,1,0
2026,Manchester City,Arsenal,home team win,1,0
2026,Leeds United,Brentford,home team win,1,0
2026,Chelsea,Wolverhampton Wanderers,home team win,2,0
2026,Nottingham Forest,Brighton & Hove Albion,home team win,2,1
2026,Tottenham Hotspur,Bournemouth,away team win,0,1
2026,Aston Villa,West Ham United,draw,0,0
2026,Manchester United,Liverpool,draw,1,1
2026,Everton,Burnley,draw,1,1
2026,Fulham,Sunderland,home team win,1,0
2026,Newcastle United,Arsenal,away team win,0,2
2026,Crystal Palace,Brentford,draw,2,2
2026,Manchester City,Wolverhampton Wanderers,home team win,2,0
2026,Leeds United,Chelsea,home team win,1,0
2026,Nottingham Forest,Bournemouth,home team win,3,2
2026,Brighton & Hove Albion,West Ham United,home team win,2,0
2026,Tottenham Hotspur,Liverpool,away team win,0,1
2026,Aston Villa,Burnley,home team win,2,0
2026,Manchester United,Sunderland,home team win,2,1
2026,Everton,Arsenal,draw,0,0
2026,Fulham,Brentford,home team win,1,0
2026,Newcastle United,Wolverhampton Wanderers,away team win,0,1
2026,Crystal Palace,Chelsea,home team win,2,1
2026,Manchester City,Leeds United,draw,0,0
2026,Nottingham Forest,West Ham United,away team win,0,1
2026,Bournemouth,Liverpool,draw,1,1
2026,Brighton & Hove Albion,Burnley,home team win,1,0
2026,Tottenham Hotspur,Sunderland,home team win,2,0
2026,Aston Villa,Arsenal,home team win,1,0
2026,Manchester United,Brentford,away team win,0,1
2026,Everton,Wolverhampton Wanderers,home team win,2,1
2026,Fulham,Chelsea,home team win,2,0
2026,Newcastle United,Leeds United,away team win,0,1
2026,Crystal Palace,Manchester City,away team win,0,1
2026,Nottingham Forest,Liverpool,draw,1,1
2026,West Ham United,Burnley,away team win,0,1
2026,Bournemouth,Sunderland,home team win,3,0
2026,Brighton & Hove Albion,Arsenal,away team win,0,1
2026,Tottenham Hotspur,Brentford,home team win,2,1
2026,Aston Villa,Wolverhampton Wanderers,home team win,2,1
2026,Manchester United,Chelsea,home team win,2,1
2026,Everton,Leeds United,draw,1,1
2026,Fulham,Manchester City,home team win,3,0
2026,Newcastle United,Crystal Palace,away team win,1,2
2026,Nottingham Forest,Burnley,draw,0,0
2026,Liverpool,Sunderland,home team win,2,1
2026,West Ham United,Arsenal,home team win,3,0
2026,Bournemouth,Brentford,away team win,0,1
2026,Brighton & Hove Albion,Wolverhampton Wanderers,home team win,1,0
2026,Tottenham Hotspur,Chelsea,away team win,1,2
2026,Aston Villa,Leeds United,home team win,4,2
2026,Manchester United,Manchester City,away team win,0,1
2026,Everton,Crystal Palace,home team win,1,0
2026,Fulham,Newcastle United,home team win,1,0
2026,Nottingham Forest,Sunderland,home team win,2,0
2026,Burnley,Arsenal,away team win,0,1
2026,Liverpool,Brentford,home team win,3,0
2026,West Ham United,Wolverhampton Wanderers,draw,0,0
2026,Bournemouth,Chelsea,home team win,2,0
2026,Brighton & Hove Albion,Leeds United,home team win,1,0
2026,Tottenham Hotspur,Manchester City,draw,1,1
2026,Aston Villa,Crystal Palace,draw,1,1
2026,Manchester United,Newcastle United,draw,1,1
2026,Everton,Fulham,home team win,2,0
2026,Nottingham Forest,Arsenal,away team win,0,2
2026,Sunderland,Brentford,away team win,0,1
2026,Burnley,Wolverhampton Wanderers,home team win,1,0
2026,Liverpool,Chelsea,home team win,1,0
2026,West Ham United,Leeds United,home team win,1,0
2026,Bournemouth,Manchester City,away team win,0,1
2026,Brighton & Hove Albion,Crystal Palace,draw,0,0
2026,Tottenham Hotspur,Newcastle United,draw,0,0
2026,Aston Villa,Fulham,home team win,1,0
2026,Manchester United,Everton,home team win,2,1
2026,Nottingham Forest,Brentford,draw,1,1
2026,Arsenal,Wolverhampton Wanderers,home team win,2,0
2026,Sunderland,Chelsea,away team win,1,2
2026,Burnley,Leeds United,draw,0,0
2026,Liverpool,Manchester City,draw,1,1
2026,West Ham United,Crystal Palace,home team win,1,0
2026,Bournemouth,Newcastle United,home team win,2,0
2026,Brighton & Hove Albion,Fulham,away team win,0,1
2026,Tottenham Hotspur,Everton,away team win,1,2
2026,Aston Villa,Manchester United,draw,0,0
2026,Nottingham Forest,Wolverhampton Wanderers,home team win,5,1
2026,Brentford,Chelsea,draw,0,0
2026,Arsenal,Leeds United,home team win,1,0
2026,Sunderland,Manchester City,away team win,0,4
2026,Burnley,Crystal Palace,away team win,0,1
2026,Liverpool,Newcastle United,home team win,2,0
2026,West Ham United,Fulham,draw,0,0
2026,Bournemouth,Everton,home team win,1,0
2026,Brighton & Hove Albion,Manchester United,home team win,2,1
2026,Tottenham Hotspur,Aston Villa,home team win,1,0
2026,Nottingham Forest,Chelsea,home team win,2,0
2026,Wolverhampton Wanderers,Leeds United,away team win,0,1
2026,Brentford,Manchester City,away team win,0,2
2026,Arsenal,Crystal Palace,draw,0,0
2026,Sunderland,Newcastle United,home team win,1,0
2026,Burnley,Fulham,away team win,0,1
2026,Liverpool,Everton,home team win,1,0
2026,West Ham United,Manchester United,away team win,0,1
2026,Bournemouth,Aston Villa,home team win,1,0
2026,Brighton & Hove Albion,Tottenham Hotspur,away team win,0,2
2026,Nottingham Forest,Leeds United,away team win,0,1
2026,Chelsea,Manchester City,draw,0,0
2026,Wolverhampton Wanderers,Crystal Palace,home team win,1,0
2026,Brentford,Newcastle United,home team win,1,0
2026,Arsenal,Fulham,home team win,1,0
2026,Sunderland,Everton,draw,0,0
2026,Burnley,Manchester United,home team win,1,0
2026,Liverpool,Aston Villa,draw,0,0
2026,West Ham United,Tottenham Hotspur,home team win,1,0
2026,Bournemouth,Brighton & Hove Albion,home team win,2,1
2026,Nottingham Forest,Manchester City,away team win,0,1
2026,Leeds United,Crystal Palace,away team win,0,1
2026,Chelsea,Newcastle United,draw,0,0
2026,Wolverhampton Wanderers,Fulham,away team win,0,1
2026,Brentford,Everton,draw,0,0
2026,Arsenal,Manchester United,draw,0,0
2026,Sunderland,Aston Villa,away team win,0,3
2026,Burnley,Tottenham Hotspur,home team win,1,0
2026,Liverpool,Brighton & Hove Albion,home team win,2,0
2026,West Ham United,Bournemouth,home team win,1,0
2026,Nottingham Forest,Crystal Palace,home team win,1,0
2026,Manchester City,Newcastle United,home team win,2,0
2026,Leeds United,Fulham,away team win,0,1
2026,Chelsea,Everton,away team win,0,1
2026,Wolverhampton Wanderers,Manchester United,away team win,0,1
2026,Brentford,Aston Villa,draw,0,0
2026,Arsenal,Tottenham Hotspur,home team win,1,0
2026,Sunderland,Brighton & Hove Albion,home team win,1,0
2026,Burnley,Bournemouth,home team win,1,0
2026,Liverpool,West Ham United,home team win,1,0
2026,Nottingham Forest,Newcastle United,home team win,3,0
2026,Crystal Palace,Fulham,home team win,1,0
2026,Manchester City,Everton,away team win,0,1
2026,Leeds United,Manchester United,draw,1,1
2026,Chelsea,Aston Villa,away team win,0,1
2026,Wolverhampton Wanderers,Tottenham Hotspur,away team win,0,2
2026,Brentford,Brighton & Hove Albion,away team win,0,1
2026,Arsenal,Bournemouth,home team win,2,0
2026,Sunderland,West Ham United,home team win,1,0
2026,Burnley,Liverpool,draw,0,0
2026,Nottingham Forest,Fulham,draw,0,0
2026,Newcastle United,Everton,draw,0,0
2026,Crystal Palace,Manchester United,away team win,0,2
2026,Manchester City,Aston Villa,draw,0,0
2026,Leeds United,Tottenham Hotspur,draw,0,0
2026,Chelsea,Brighton & Hove Albion,draw,0,0
2026,Wolverhampton Wanderers,Bournemouth,away team win,0,1
2026,Brentford,West Ham United,home team win,1,0
2026,Arsenal,Liverpool,home team win,1,0
2026,Sunderland,Burnley,away team win,0,1
2026,Everton,Nottingham Forest,draw,0,0
2026,Manchester United,Fulham,home team win,1,0
2026,Aston Villa,Newcastle United,home team win,1,0
2026,Tottenham Hotspur,Crystal Palace,home team win,1,0
2026,Brighton & Hove Albion,Manchester City,away team win,0,1
2026,Bournemouth,Leeds United,away team win,0,1
2026,West Ham United,Chelsea,away team win,0,1
2026,Liverpool,Wolverhampton Wanderers,home team win,3,0
2026,Burnley,Brentford,home team win,1,0
2026,Sunderland,Arsenal,draw,0,0
2026,Manchester United,Nottingham Forest,home team win,1,0
2026,Aston Villa,Everton,home team win,1,0
2026,Tottenham Hotspur,Fulham,home team win,1,0
2026,Brighton & Hove Albion,Newcastle United,home team win,2,0
2026,Bournemouth,Crystal Palace,home team win,1,0
2026,West Ham United,Manchester City,home team win,1,0
2026,Liverpool,Leeds United,home team win,1,0
2026,Burnley,Chelsea,draw,0,0
2026,Sunderland,Wolverhampton Wanderers,home team win,1,0
2026,Arsenal,Brentford,draw,0,0
2026,Aston Villa,Nottingham Forest,away team win,0,1
2026,Tottenham Hotspur,Manchester United,home team win,1,0
2026,Brighton & Hove Albion,Everton,away team win,0,1
2026,Bournemouth,Fulham,away team win,0,1
2026,West Ham United,Newcastle United,away team win,0,1
2026,Liverpool,Crystal Palace,home team win,3,0
2026,Burnley,Manchester City,away team win,0,1
2026,Sunderland,Leeds United,away team win,0,1
2026,Arsenal,Chelsea,away team win,0,1
2026,Brentford,Wolverhampton Wanderers,away team win,0,1
2026,Tottenham Hotspur,Nottingham Forest,draw,1,1
2026,Brighton & Hove Albion,Aston Villa,away team win,0,1
2026,Bournemouth,Manchester United,draw,0,0
2026,West Ham United,Everton,away team win,0,2
2026,Liverpool,Fulham,away team win,0,1
2026,Burnley,Newcastle United,home team win,1,0
2026,Sunderland,Crystal Palace,home team win,2,0
2026,Arsenal,Manchester City,draw,0,0
2026,Brentford,Leeds United,home team win,1,0
2026,Wolverhampton Wanderers,Chelsea,away team win,0,1
2026,Brighton & Hove Albion,Nottingham Forest,draw,0,0
2026,Bournemouth,Tottenham Hotspur,home team win,2,0
2026,West Ham United,Aston Villa,home team win,1,0
2026,Liverpool,Manchester United,draw,0,0
2026,Burnley,Everton,away team win,0,1
2026,Sunderland,Fulham,home team win,2,1
2026,Arsenal,Newcastle United,draw,0,0
2026,Brentford,Crystal Palace,away team win,0,1
2026,Wolverhampton Wanderers,Manchester City,away team win,0,2
2026,Chelsea,Leeds United,home team win,2,0
2026,Bournemouth,Nottingham Forest,away team win,0,1
2026,West Ham United,Brighton & Hove Albion,draw,0,0
2026,Liverpool,Tottenham Hotspur,draw,0,0
2026,Burnley,Aston Villa,away team win,0,1
2026,Sunderland,Manchester United,away team win,0,1
2026,Arsenal,Everton,draw,0,0
2026,Brentford,Fulham,away team win,0,1
2026,Wolverhampton Wanderers,Newcastle United,away team win,0,1
2026,Chelsea,Crystal Palace,draw,0,0
2026,Leeds United,Manchester City,draw,0,0
2026,West Ham United,Nottingham Forest,away team win,0,1
2026,Liverpool,Bournemouth,home team win,2,0
2026,Burnley,Brighton & Hove Albion,away team win,0,1
2026,Sunderland,Tottenham Hotspur,home team win,1,0
2026,Arsenal,Aston Villa,home team win,1,0
2026,Brentford,Manchester United,draw,0,0
2026,Wolverhampton Wanderers,Everton,away team win,0,1
2026,Chelsea,Fulham,draw,0,0
2026,Leeds United,Newcastle United,away team win,0,1
2026,Manchester City,Crystal Palace,home team win,1,0
2026,Liverpool,Nottingham Forest,home team win,1,0
2026,Burnley,West Ham United,draw,0,0
2026,Sunderland,Bournemouth,draw,0,0
2026,Arsenal,Brighton & Hove Albion,home team win,1,0
2026,Brentford,Tottenham Hotspur,home team win,1,0
2026,Wolverhampton Wanderers,Aston Villa,away team win,0,1
2026,Chelsea,Manchester United,away team win,0,1
2026,Leeds United,Everton,home team win,1,0
2026,Manchester City,Fulham,home team win,1,0
2026,Crystal Palace,Newcastle United,away team win,0,1
2026,Burnley,Nottingham Forest,away team win,0,1
2026,Sunderland,Liverpool,home team win,1,0
2026,Arsenal,West Ham United,home team win,2,0
2026,Brentford,Bournemouth,home team win,1,0
2026,Wolverhampton Wanderers,Brighton & Hove Albion,away team win,0,1
2026,Chelsea,Tottenham Hotspur,home team win,1,0
2026,Leeds United,Aston Villa,draw,0,0
2026,Manchester City,Manchester United,home team win,1,0
2026,Crystal Palace,Everton,away team win,0,1
2026,Newcastle United,Fulham,away team win,0,1
2026,Sunderland,Nottingham Forest,home team win,1,0
2026,Arsenal,Burnley,home team win,1,0
2026,Brentford,Liverpool,draw,0,0
2026,Wolverhampton Wanderers,West Ham United,away team win,0,1
2026,Chelsea,Bournemouth,draw,0,0
2026,Leeds United,Brighton & Hove Albion,draw,0,0
2026,Manchester City,Tottenham Hotspur,home team win,1,0
2026,Crystal Palace,Aston Villa,away team win,0,1
2026,Newcastle United,Manchester United,away team win,0,1
2026,Fulham,Everton,away team win,0,1
2026,Arsenal,Nottingham Forest,draw,0,0
2026,Brentford,Sunderland,away team win,0,1
2026,Wolverhampton Wanderers,Burnley,draw,0,0
2026,Chelsea,Liverpool,away team win,0,1
2026,Leeds United,West Ham United,draw,0,0
2026,Manchester City,Bournemouth,home team win,2,0
2026,Crystal Palace,Brighton & Hove Albion,away team win,0,1
2026,Newcastle United,Tottenham Hotspur,home team win,2,0
2026,Fulham,Aston Villa,draw,0,0
2026,Everton,Manchester United,away team win,0,1
2026,Brentford,Nottingham Forest,draw,0,0
2026,Wolverhampton Wanderers,Arsenal,draw,0,0
2026,Chelsea,Sunderland,draw,0,0
2026,Leeds United,Burnley,draw,0,0
2026,Manchester City,Liverpool,away team win,0,1
2026,Crystal Palace,West Ham United,draw,0,0
2026,Newcastle United,Bournemouth,home team win,1,0
2026,Fulham,Brighton & Hove Albion,away team win,0,1
2026,Everton,Tottenham Hotspur,away team win,0,1
2026,Manchester United,Aston Villa,draw,0,0
2026,Wolverhampton Wanderers,Nottingham Forest,away team win,0,1
2026,Chelsea,Brentford,draw,0,0
2026,Leeds United,Arsenal,draw,0,0
2026,Manchester City,Sunderland,home team win,1,0
2026,Crystal Palace,Burnley,home team win,1,0
2026,Newcastle United,Liverpool,away team win,0,1
2026,Fulham,West Ham United,home team win,2,0
2026,Everton,Bournemouth,home team win,1,0
2026,Manchester United,Brighton & Hove Albion,away team win,0,1
2026,Aston Villa,Tottenham Hotspur,away team win,0,1
2026,Chelsea,Nottingham Forest,away team win,0,1
2026,Leeds United,Wolverhampton Wanderers,home team win,1,0
2026,Manchester City,Brentford,away team win,0,1
2026,Crystal Palace,Arsenal,away team win,0,1
2026,Newcastle United,Sunderland,away team win,0,1
2026,Fulham,Burnley,home team win,1,0
2026,Everton,Liverpool,home team win,1,0
2026,Manchester United,West Ham United,home team win,1,0
2026,Aston Villa,Bournemouth,home team win,1,0
2026,Tottenham Hotspur,Brighton & Hove Albion,away team win,0,1
2026,Leeds United,Nottingham Forest,away team win,0,1
2026,Manchester City,Chelsea,away team win,0,1
2026,Crystal Palace,Wolverhampton Wanderers,away team win,0,1
2026,Newcastle United,Brentford,draw,0,0
2026,Fulham,Arsenal,away team win,0,1
2026,Everton,Sunderland,home team win,1,0
2026,Manchester United,Burnley,draw,0,0
2026,Aston Villa,Liverpool,draw,0,0
2026,Tottenham Hotspur,West Ham United,draw,0,0
2026,Brighton & Hove Albion,Bournemouth,away team win,0,1
2026,Manchester City,Nottingham Forest,home team win,1,0
2026,Crystal Palace,Leeds United,draw,0,0
2026,Newcastle United,Chelsea,away team win,0,1
2026,Fulham,Wolverhampton Wanderers,home team win,1,0
2026,Everton,Brentford,home team win,1,0
2026,Manchester United,Arsenal,draw,0,0
2026,Aston Villa,Sunderland,home team win,1,0
2026,Tottenham Hotspur,Burnley,home team win,1,0
2026,Brighton & Hove Albion,Liverpool,draw,0,0
2026,Bournemouth,West Ham United,draw,0,0
2026,Crystal Palace,Nottingham Forest,draw,0,0
2026,Newcastle United,Manchester City,draw,0,0
2026,Fulham,Leeds United,away team win,0,1
2026,Everton,Chelsea,draw,0,0
2026,Manchester United,Wolverhampton Wanderers,away team win,0,1
2026,Aston Villa,Brentford,draw,0,0
2026,Tottenham Hotspur,Arsenal,home team win,1,0
2026,Brighton & Hove Albion,Sunderland,home team win,1,0
2026,Bournemouth,Burnley,home team win,1,0
2026,West Ham United,Liverpool,away team win,0,1
2026,Newcastle United,Nottingham Forest,draw,0,0
2026,Fulham,Crystal Palace,away team win,0,1
2026,Everton,Manchester City,home team win,1,0
2026,Manchester United,Leeds United,draw,0,0
2026,Aston Villa,Chelsea,draw,0,0
2026,Tottenham Hotspur,Wolverhampton Wanderers,home team win,1,0
2026,Brighton & Hove Albion,Brentford,home team win,2,1
2026,Bournemouth,Arsenal,away team win,0,2
2026,West Ham United,Sunderland,away team win,0,1
2026,Liverpool,Burnley,draw,0,0
2026,Fulham,Nottingham Forest,draw,0,0
2026,Everton,Newcastle United,draw,0,0
2026,Manchester United,Crystal Palace,home team win,2,0
2026,Aston Villa,Manchester City,away team win,0,1
2026,Tottenham Hotspur,Leeds United,draw,0,0
2026,Brighton & Hove Albion,Chelsea,home team win,1,0
2026,Bournemouth,Wolverhampton Wanderers,home team win,1,0
2026,West Ham United,Brentford,away team win,0,1
2026,Liverpool,Arsenal,draw,0,0
2026,Burnley,Sunderland,draw,0,0
2027,Nottingham Forest,Tottenham Hotspur,home team win,1,0
2027,Arsenal,Aston Villa,home team win,1,0
2027,West Ham United,Manchester City,away team win,0,1
2027,Brighton & Hove Albion,Wolverhampton Wanderers,away team win,0,1
2027,Chelsea,Brentford,draw,0,0
2027,Manchester United,Newcastle United,draw,0,0
2027,Crystal Palace,Bournemouth,away team win,0,1
2027,Fulham,Leeds United,draw,0,0
2027,Sunderland,Burnley,draw,0,0
2027,Everton,Liverpool,draw,0,0
2027,Nottingham Forest,Aston Villa,away team win,0,1
2027,Tottenham Hotspur,Manchester City,draw,0,0
2027,Arsenal,Wolverhampton Wanderers,home team win,1,0
2027,West Ham United,Brentford,draw,0,0
2027,Brighton & Hove Albion,Newcastle United,home team win,1,0
2027,Chelsea,Bournemouth,draw,0,0
2027,Manchester United,Leeds United,draw,0,0
2027,Crystal Palace,Burnley,away team win,0,1
2027,Fulham,Liverpool,away team win,0,1
2027,Sunderland,Everton,draw,0,0
2027,Nottingham Forest,Manchester City,home team win,1,0
2027,Aston Villa,Wolverhampton Wanderers,home team win,1,0
2027,Tottenham Hotspur,Brentford,draw,0,0
2027,Arsenal,Newcastle United,draw,0,0
2027,West Ham United,Bournemouth,away team win,0,1
2027,Brighton & Hove Albion,Leeds United,away team win,0,1
2027,Chelsea,Burnley,draw,0,0
2027,Manchester United,Liverpool,home team win,1,0
2027,Crystal Palace,Everton,draw,0,0
2027,Fulham,Sunderland,home team win,1,0
2027,Nottingham Forest,Wolverhampton Wanderers,away team win,0,1
2027,Manchester City,Brentford,draw,0,0
2027,Aston Villa,Newcastle United,home team win,1,0
2027,Tottenham Hotspur,Bournemouth,draw,0,0
2027,Arsenal,Leeds United,home team win,1,0
2027,West Ham United,Burnley,draw,0,0
2027,Brighton & Hove Albion,Liverpool,away team win,0,1
2027,Chelsea,Everton,draw,0,0
2027,Manchester United,Sunderland,home team win,2,0
2027,Crystal Palace,Fulham,draw,0,0
2027,Nottingham Forest,Brentford,draw,0,0
2027,Wolverhampton Wanderers,Newcastle United,away team win,0,1
2027,Manchester City,Bournemouth,draw,0,0
2027,Aston Villa,Leeds United,home team win,1,0
2027,Tottenham Hotspur,Burnley,draw,0,0
2027,Arsenal,Liverpool,home team win,2,0
2027,West Ham United,Everton,draw,0,0
2027,Brighton & Hove Albion,Sunderland,away team win,0,1
2027,Chelsea,Fulham,home team win,2,0
2027,Manchester United,Crystal Palace,home team win,1,0
2027,Nottingham Forest,Newcastle United,home team win,1,0
2027,Brentford,Bournemouth,away team win,0,1
2027,Wolverhampton Wanderers,Leeds United,away team win,0,1
2027,Manchester City,Burnley,home team win,2,0
2027,Aston Villa,Liverpool,home team win,1,0
2027,Tottenham Hotspur,Everton,draw,0,0
2027,Arsenal,Sunderland,home team win,1,0
2027,West Ham United,Fulham,away team win,0,1
2027,Brighton & Hove Albion,Crystal Palace,home team win,1,0
2027,Chelsea,Manchester United,away team win,0,1
2027,Nottingham Forest,Bournemouth,home team win,1,0
2027,Newcastle United,Leeds United,away team win,0,1
2027,Brentford,Burnley,home team win,1,0
2027,Wolverhampton Wanderers,Liverpool,away team win,0,1
2027,Manchester City,Everton,away team win,0,1
2027,Aston Villa,Sunderland,draw,0,0
2027,Tottenham Hotspur,Fulham,away team win,0,1
2027,Arsenal,Crystal Palace,draw,0,0
2027,West Ham United,Manchester United,home team win,1,0
2027,Brighton & Hove Albion,Chelsea,away team win,0,1
2027,Nottingham Forest,Leeds United,home team win,1,0
2027,Bournemouth,Burnley,home team win,2,0
2027,Newcastle United,Liverpool,home team win,1,0
2027,Brentford,Everton,home team win,1,0
2027,Wolverhampton Wanderers,Sunderland,home team win,2,0
2027,Manchester City,Fulham,home team win,1,0
2027,Aston Villa,Crystal Palace,draw,0,0
2027,Tottenham Hotspur,Manchester United,home team win,1,0
2027,Arsenal,Chelsea,draw,0,0
2027,West Ham United,Brighton & Hove Albion,away team win,0,1
2027,Nottingham Forest,Burnley,home team win,1,0
2027,Leeds United,Liverpool,draw,0,0
2027,Bournemouth,Everton,home team win,1,0
2027,Newcastle United,Sunderland,home team win,1,0
2027,Brentford,Fulham,draw,0,0
2027,Wolverhampton Wanderers,Crystal Palace,away team win,0,1
2027,Manchester City,Manchester United,home team win,1,0
2027,Aston Villa,Chelsea,away team win,0,1
2027,Tottenham Hotspur,Brighton & Hove Albion,draw,0,0
2027,Arsenal,West Ham United,home team win,1,0
2027,Nottingham Forest,Liverpool,away team win,0,1
2027,Burnley,Everton,draw,0,0
2027,Leeds United,Sunderland,draw,0,0
2027,Bournemouth,Fulham,draw,0,0
2027,Newcastle United,Crystal Palace,home team win,1,0
2027,Brentford,Manchester United,draw,0,0
2027,Wolverhampton Wanderers,Chelsea,away team win,0,1
2027,Manchester City,Brighton & Hove Albion,home team win,1,0
2027,Aston Villa,West Ham United,home team win,1,0
2027,Tottenham Hotspur,Arsenal,away team win,0,1
2027,Nottingham Forest,Everton,away team win,0,1
2027,Liverpool,Sunderland,home team win,1,0
2027,Burnley,Fulham,away team win,0,1
2027,Leeds United,Crystal Palace,draw,0,0
2027,Bournemouth,Manchester United,home team win,1,0
2027,Newcastle United,Chelsea,home team win,1,0
2027,Brentford,Brighton & Hove Albion,draw,0,0
2027,Wolverhampton Wanderers,West Ham United,away team win,0,1
2027,Manchester City,Arsenal,home team win,1,0
2027,Aston Villa,Tottenham Hotspur,away team win,0,1
2027,Nottingham Forest,Sunderland,draw,0,0
2027,Everton,Fulham,home team win,1,0
2027,Liverpool,Crystal Palace,home team win,1,0
2027,Burnley,Manchester United,draw,0,0
2027,Leeds United,Chelsea,home team win,1,0
2027,Bournemouth,Brighton & Hove Albion,draw,0,0
2027,Newcastle United,West Ham United,away team win,0,1
2027,Brentford,Arsenal,home team win,1,0
2027,Wolverhampton Wanderers,Tottenham Hotspur,away team win,0,2
2027,Manchester City,Aston Villa,away team win,0,2
2027,Nottingham Forest,Fulham,home team win,1,0
2027,Sunderland,Crystal Palace,home team win,1,0
2027,Everton,Manchester United,away team win,0,1
2027,Liverpool,Chelsea,away team win,0,1
2027,Burnley,Brighton & Hove Albion,home team win,1,0
2027,Leeds United,West Ham United,home team win,1,0
2027,Bournemouth,Arsenal,home team win,1,0
2027,Newcastle United,Tottenham Hotspur,draw,0,0
2027,Brentford,Aston Villa,draw,0,0
2027,Wolverhampton Wanderers,Manchester City,away team win,0,1
2027,Nottingham Forest,Crystal Palace,away team win,0,1
2027,Fulham,Manchester United,away team win,0,1
2027,Sunderland,Chelsea,away team win,0,1
2027,Everton,Brighton & Hove Albion,draw,0,0
2027,Liverpool,West Ham United,home team win,1,0
2027,Burnley,Arsenal,away team win,0,1
2027,Leeds United,Tottenham Hotspur,home team win,1,0
2027,Bournemouth,Aston Villa,draw,0,0
2027,Newcastle United,Manchester City,draw,0,0
2027,Brentford,Wolverhampton Wanderers,draw,0,0
2027,Nottingham Forest,Manchester United,home team win,1,0
2027,Crystal Palace,Chelsea,home team win,1,0
2027,Fulham,Brighton & Hove Albion,away team win,0,1
2027,Sunderland,West Ham United,home team win,1,0
2027,Everton,Arsenal,draw,0,0
2027,Liverpool,Tottenham Hotspur,away team win,0,1
2027,Burnley,Aston Villa,away team win,0,1
2027,Leeds United,Manchester City,draw,0,0
2027,Bournemouth,Wolverhampton Wanderers,draw,0,0
2027,Newcastle United,Brentford,away team win,0,2
2027,Nottingham Forest,Chelsea,draw,0,0
2027,Manchester United,Brighton & Hove Albion,away team win,0,1
2027,Crystal Palace,West Ham United,away team win,0,1
2027,Fulham,Arsenal,home team win,3,0
2027,Sunderland,Tottenham Hotspur,home team win,1,0
2027,Everton,Aston Villa,away team win,0,1
2027,Liverpool,Manchester City,away team win,0,1
2027,Burnley,Wolverhampton Wanderers,home team win,1,0
2027,Leeds United,Brentford,home team win,1,0
2027,Bournemouth,Newcastle United,home team win,1,0
2027,Nottingham Forest,Brighton & Hove Albion,home team win,1,0
2027,Chelsea,West Ham United,home team win,1,0
2027,Manchester United,Arsenal,draw,0,0
2027,Crystal Palace,Tottenham Hotspur,draw,0,0
2027,Fulham,Aston Villa,home team win,1,0
2027,Sunderland,Manchester City,away team win,0,1
2027,Everton,Wolverhampton Wanderers,home team win,1,0
2027,Liverpool,Brentford,home team win,1,0
2027,Burnley,Newcastle United,home team win,1,0
2027,Leeds United,Bournemouth,home team win,1,0
2027,Nottingham Forest,West Ham United,home team win,1,0
2027,Brighton & Hove Albion,Arsenal,draw,0,0
2027,Chelsea,Tottenham Hotspur,home team win,1,0
2027,Manchester United,Aston Villa,away team win,0,1
2027,Crystal Palace,Manchester City,draw,0,0
2027,Fulham,Wolverhampton Wanderers,home team win,1,0
2027,Sunderland,Brentford,home team win,1,0
2027,Everton,Newcastle United,away team win,0,1
2027,Liverpool,Bournemouth,home team win,1,0
2027,Burnley,Leeds United,draw,0,0
2027,Nottingham Forest,Arsenal,draw,0,0
2027,West Ham United,Tottenham Hotspur,home team win,1,0
2027,Brighton & Hove Albion,Aston Villa,home team win,1,0
2027,Chelsea,Manchester City,draw,0,0
2027,Manchester United,Wolverhampton Wanderers,away team win,0,1
2027,Crystal Palace,Brentford,away team win,0,1
2027,Fulham,Newcastle United,home team win,1,0
2027,Sunderland,Bournemouth,home team win,1,0
2027,Everton,Leeds United,away team win,0,1
2027,Liverpool,Burnley,away team win,0,1
2027,Tottenham Hotspur,Nottingham Forest,draw,0,0
2027,Aston Villa,Arsenal,away team win,0,1
2027,Manchester City,West Ham United,away team win,0,1
2027,Wolverhampton Wanderers,Brighton & Hove Albion,away team win,0,1
2027,Brentford,Chelsea,away team win,0,1
2027,Newcastle United,Manchester United,draw,0,0
2027,Bournemouth,Crystal Palace,away team win,0,2
2027,Leeds United,Fulham,away team win,0,1
2027,Burnley,Sunderland,home team win,1,0
2027,Liverpool,Everton,home team win,1,0
2027,Aston Villa,Nottingham Forest,away team win,0,1
2027,Manchester City,Tottenham Hotspur,home team win,1,0
2027,Wolverhampton Wanderers,Arsenal,home team win,1,0
2027,Brentford,West Ham United,away team win,0,1
2027,Newcastle United,Brighton & Hove Albion,draw,0,0
2027,Bournemouth,Chelsea,home team win,1,0
2027,Leeds United,Manchester United,away team win,0,1
2027,Burnley,Crystal Palace,away team win,0,1
2027,Liverpool,Fulham,away team win,0,1
2027,Everton,Sunderland,home team win,1,0
2027,Manchester City,Nottingham Forest,draw,0,0
2027,Wolverhampton Wanderers,Aston Villa,draw,0,0
2027,Brentford,Tottenham Hotspur,draw,0,0
2027,Newcastle United,Arsenal,away team win,0,1
2027,Bournemouth,West Ham United,home team win,1,0
2027,Leeds United,Brighton & Hove Albion,home team win,1,0
2027,Burnley,Chelsea,draw,0,0
2027,Liverpool,Manchester United,draw,0,0
2027,Everton,Crystal Palace,home team win,1,0
2027,Sunderland,Fulham,draw,0,0
2027,Wolverhampton Wanderers,Nottingham Forest,home team win,1,0
2027,Brentford,Manchester City,away team win,0,1
2027,Newcastle United,Aston Villa,draw,0,0
2027,Bournemouth,Tottenham Hotspur,away team win,0,1
2027,Leeds United,Arsenal,home team win,1,0
2027,Burnley,West Ham United,away team win,0,1
2027,Liverpool,Brighton & Hove Albion,home team win,2,0
2027,Everton,Chelsea,draw,0,0
2027,Sunderland,Manchester United,home team win,1,0
2027,Fulham,Crystal Palace,home team win,1,0
2027,Brentford,Nottingham Forest,draw,0,0
2027,Newcastle United,Wolverhampton Wanderers,away team win,0,1
2027,Bournemouth,Manchester City,home team win,1,0
2027,Leeds United,Aston Villa,away team win,0,1
2027,Burnley,Tottenham Hotspur,home team win,1,0
2027,Liverpool,Arsenal,away team win,0,1
2027,Everton,West Ham United,home team win,1,0
2027,Sunderland,Brighton & Hove Albion,draw,0,0
2027,Fulham,Chelsea,home team win,2,0
2027,Crystal Palace,Manchester United,draw,0,0
2027,Newcastle United,Nottingham Forest,home team win,1,0
2027,Bournemouth,Brentford,away team win,0,1
2027,Leeds United,Wolverhampton Wanderers,draw,0,0
2027,Burnley,Manchester City,draw,0,0
2027,Liverpool,Aston Villa,away team win,0,1
2027,Everton,Tottenham Hotspur,home team win,1,0
2027,Sunderland,Arsenal,draw,0,0
2027,Fulham,West Ham United,draw,0,0
2027,Crystal Palace,Brighton & Hove Albion,draw,0,0
2027,Manchester United,Chelsea,home team win,1,0
2027,Bournemouth,Nottingham Forest,away team win,0,1
2027,Leeds United,Newcastle United,home team win,2,0
2027,Burnley,Brentford,draw,0,0
2027,Liverpool,Wolverhampton Wanderers,home team win,1,0
2027,Everton,Manchester City,draw,0,0
2027,Sunderland,Aston Villa,home team win,1,0
2027,Fulham,Tottenham Hotspur,home team win,3,0
2027,Crystal Palace,Arsenal,home team win,1,0
2027,Manchester United,West Ham United,home team win,1,0
2027,Chelsea,Brighton & Hove Albion,away team win,0,1
2027,Leeds United,Nottingham Forest,home team win,1,0
2027,Burnley,Bournemouth,draw,0,0
2027,Liverpool,Newcastle United,home team win,2,0
2027,Everton,Brentford,home team win,1,0
2027,Sunderland,Wolverhampton Wanderers,home team win,1,0
2027,Fulham,Manchester City,home team win,1,0
2027,Crystal Palace,Aston Villa,away team win,0,1
2027,Manchester United,Tottenham Hotspur,away team win,0,1
2027,Chelsea,Arsenal,away team win,0,1
2027,Brighton & Hove Albion,West Ham United,home team win,1,0
2027,Burnley,Nottingham Forest,draw,0,0
2027,Liverpool,Leeds United,away team win,0,1
2027,Everton,Bournemouth,home team win,1,0
2027,Sunderland,Newcastle United,home team win,2,0
2027,Fulham,Brentford,away team win,0,1
2027,Crystal Palace,Wolverhampton Wanderers,draw,0,0
2027,Manchester United,Manchester City,draw,0,0
2027,Chelsea,Aston Villa,draw,0,0
2027,Brighton & Hove Albion,Tottenham Hotspur,away team win,0,1
2027,West Ham United,Arsenal,draw,0,0
2027,Liverpool,Nottingham Forest,draw,0,0
2027,Everton,Burnley,draw,0,0
2027,Sunderland,Leeds United,home team win,1,0
2027,Fulham,Bournemouth,home team win,1,0
2027,Crystal Palace,Newcastle United,away team win,0,1
2027,Manchester United,Brentford,away team win,0,1
2027,Chelsea,Wolverhampton Wanderers,home team win,1,0
2027,Brighton & Hove Albion,Manchester City,away team win,0,1
2027,West Ham United,Aston Villa,draw,0,0
2027,Arsenal,Tottenham Hotspur,draw,0,0
2027,Everton,Nottingham Forest,draw,0,0
2027,Sunderland,Liverpool,away team win,0,1
2027,Fulham,Burnley,draw,0,0
2027,Crystal Palace,Leeds United,draw,0,0
2027,Manchester United,Bournemouth,away team win,0,1
2027,Chelsea,Newcastle United,away team win,0,1
2027,Brighton & Hove Albion,Brentford,home team win,1,0
2027,West Ham United,Wolverhampton Wanderers,home team win,1,0
2027,Arsenal,Manchester City,draw,0,0
2027,Tottenham Hotspur,Aston Villa,away team win,0,1
2027,Sunderland,Nottingham Forest,away team win,0,1
2027,Fulham,Everton,draw,0,0
2027,Crystal Palace,Liverpool,away team win,0,1
2027,Manchester United,Burnley,draw,0,0
2027,Chelsea,Leeds United,home team win,2,0
2027,Brighton & Hove Albion,Bournemouth,draw,0,0
2027,West Ham United,Newcastle United,draw,0,0
2027,Arsenal,Brentford,draw,0,0
2027,Tottenham Hotspur,Wolverhampton Wanderers,home team win,1,0
2027,Aston Villa,Manchester City,draw,0,0
2027,Fulham,Nottingham Forest,away team win,0,1
2027,Crystal Palace,Sunderland,away team win,0,1
2027,Manchester United,Everton,home team win,1,0
2027,Chelsea,Liverpool,away team win,0,1
2027,Brighton & Hove Albion,Burnley,home team win,1,0
2027,West Ham United,Leeds United,away team win,0,1
2027,Arsenal,Bournemouth,away team win,0,1
2027,Tottenham Hotspur,Newcastle United,home team win,1,0
2027,Aston Villa,Brentford,draw,0,0
2027,Manchester City,Wolverhampton Wanderers,away team win,0,1
2027,Crystal Palace,Nottingham Forest,draw,0,0
2027,Manchester United,Fulham,draw,0,0
2027,Chelsea,Sunderland,away team win,0,1
2027,Brighton & Hove Albion,Everton,home team win,1,0
2027,West Ham United,Liverpool,away team win,0,1
2027,Arsenal,Burnley,draw,0,0
2027,Tottenham Hotspur,Leeds United,draw,0,0
2027,Aston Villa,Bournemouth,home team win,2,0
2027,Manchester City,Newcastle United,away team win,0,1
2027,Wolverhampton Wanderers,Brentford,away team win,0,1
2027,Manchester United,Nottingham Forest,draw,0,0
2027,Chelsea,Crystal Palace,away team win,0,1
2027,Brighton & Hove Albion,Fulham,draw,0,0
2027,West Ham United,Sunderland,away team win,0,1
2027,Arsenal,Everton,away team win,0,1
2027,Tottenham Hotspur,Liverpool,home team win,1,0
2027,Aston Villa,Burnley,home team win,1,0
2027,Manchester City,Leeds United,home team win,1,0
2027,Wolverhampton Wanderers,Bournemouth,away team win,0,1
2027,Brentford,Newcastle United,home team win,1,0
2027,Chelsea,Nottingham Forest,draw,0,0
2027,Brighton & Hove Albion,Manchester United,draw,0,0
2027,West Ham United,Crystal Palace,draw,0,0
2027,Arsenal,Fulham,home team win,1,0
2027,Tottenham Hotspur,Sunderland,draw,0,0
2027,Aston Villa,Everton,draw,0,0
2027,Manchester City,Liverpool,away team win,0,1
2027,Wolverhampton Wanderers,Burnley,draw,0,0
2027,Brentford,Leeds United,away team win,0,1
2027,Newcastle United,Bournemouth,draw,0,0
2027,Brighton & Hove Albion,Nottingham Forest,away team win,0,1
2027,West Ham United,Chelsea,away team win,0,1
2027,Arsenal,Manchester United,home team win,1,0
2027,Tottenham Hotspur,Crystal Palace,home team win,1,0
2027,Aston Villa,Fulham,draw,0,0
2027,Manchester City,Sunderland,away team win,0,1
2027,Wolverhampton Wanderers,Everton,draw,0,0
2027,Brentford,Liverpool,away team win,0,1
2027,Newcastle United,Burnley,away team win,0,1
2027,Bournemouth,Leeds United,away team win,0,1
2027,West Ham United,Nottingham Forest,draw,0,0
2027,Arsenal,Brighton & Hove Albion,draw,0,0
2027,Tottenham Hotspur,Chelsea,away team win,0,1
2027,Aston Villa,Manchester United,home team win,1,0
2027,Manchester City,Crystal Palace,home team win,1,0
2027,Wolverhampton Wanderers,Fulham,away team win,0,1
2027,Brentford,Sunderland,home team win,1,0
2027,Newcastle United,Everton,home team win,1,0
2027,Bournemouth,Liverpool,draw,0,0
2027,Leeds United,Burnley,away team win,0,1
2027,Arsenal,Nottingham Forest,away team win,0,1
2027,Tottenham Hotspur,West Ham United,home team win,1,0
2027,Aston Villa,Brighton & Hove Albion,away team win,0,1
2027,Manchester City,Chelsea,away team win,0,1
2027,Wolverhampton Wanderers,Manchester United,away team win,0,1
2027,Brentford,Crystal Palace,draw,0,0
2027,Newcastle United,Fulham,draw,0,0
2027,Bournemouth,Sunderland,home team win,1,0
2027,Leeds United,Everton,away team win,0,1
2027,Burnley,Liverpool,home team win,1,0
2028,Burnley,Brentford,home team win,1,0
2028,Arsenal,Chelsea,draw,0,0
2028,Brighton & Hove Albion,Fulham,home team win,1,0
2028,Bournemouth,Wolverhampton Wanderers,away team win,0,1
2028,Crystal Palace,Sunderland,away team win,0,1
2028,Everton,Nottingham Forest,draw,0,0
2028,Manchester United,Newcastle United,home team win,1,0
2028,West Ham United,Leeds United,draw,0,0
2028,Aston Villa,Liverpool,home team win,1,0
2028,Tottenham Hotspur,Manchester City,away team win,0,1
2028,Burnley,Chelsea,home team win,1,0
2028,Brentford,Fulham,away team win,0,1
2028,Arsenal,Wolverhampton Wanderers,home team win,1,0
2028,Brighton & Hove Albion,Sunderland,draw,0,0
2028,Bournemouth,Nottingham Forest,home team win,1,0
2028,Crystal Palace,Newcastle United,draw,0,0
2028,Everton,Leeds United,home team win,2,0
2028,Manchester United,Liverpool,away team win,0,1
2028,West Ham United,Manchester City,away team win,0,1
2028,Aston Villa,Tottenham Hotspur,draw,0,0
2028,Burnley,Fulham,away team win,0,1
2028,Chelsea,Wolverhampton Wanderers,draw,0,0
2028,Brentford,Sunderland,away team win,0,1
2028,Arsenal,Nottingham Forest,home team win,1,0
2028,Brighton & Hove Albion,Newcastle United,draw,0,0
2028,Bournemouth,Leeds United,draw,0,0
2028,Crystal Palace,Liverpool,draw,0,0
2028,Everton,Manchester City,away team win,0,1
2028,Manchester United,Tottenham Hotspur,home team win,2,0
2028,West Ham United,Aston Villa,away team win,0,1
2028,Burnley,Wolverhampton Wanderers,home team win,1,0
2028,Fulham,Sunderland,away team win,0,1
2028,Chelsea,Nottingham Forest,away team win,0,1
2028,Brentford,Newcastle United,away team win,0,1
2028,Arsenal,Leeds United,home team win,2,0
2028,Brighton & Hove Albion,Liverpool,draw,0,0
2028,Bournemouth,Manchester City,home team win,1,0
2028,Crystal Palace,Tottenham Hotspur,away team win,0,1
2028,Everton,Aston Villa,draw,0,0
2028,Manchester United,West Ham United,home team win,2,0
2028,Burnley,Sunderland,away team win,0,1
2028,Wolverhampton Wanderers,Nottingham Forest,away team win,0,1
2028,Fulham,Newcastle United,home team win,1,0
2028,Chelsea,Leeds United,home team win,1,0
2028,Brentford,Liverpool,draw,0,0
2028,Arsenal,Manchester City,draw,0,0
2028,Brighton & Hove Albion,Tottenham Hotspur,draw,0,0
2028,Bournemouth,Aston Villa,home team win,1,0
2028,Crystal Palace,West Ham United,draw,0,0
2028,Everton,Manchester United,draw,0,0
2028,Burnley,Nottingham Forest,away team win,0,1
2028,Sunderland,Newcastle United,home team win,1,0
2028,Wolverhampton Wanderers,Leeds United,home team win,1,0
2028,Fulham,Liverpool,draw,0,0
2028,Chelsea,Manchester City,draw,0,0
2028,Brentford,Tottenham Hotspur,draw,0,0
2028,Arsenal,Aston Villa,home team win,2,0
2028,Brighton & Hove Albion,West Ham United,home team win,1,0
2028,Bournemouth,Manchester United,draw,0,0
2028,Crystal Palace,Everton,home team win,1,0
2028,Burnley,Newcastle United,home team win,1,0
2028,Nottingham Forest,Leeds United,home team win,1,0
2028,Sunderland,Liverpool,home team win,1,0
2028,Wolverhampton Wanderers,Manchester City,draw,0,0
2028,Fulham,Tottenham Hotspur,home team win,1,0
2028,Chelsea,Aston Villa,home team win,1,0
2028,Brentford,West Ham United,draw,0,0
2028,Arsenal,Manchester United,draw,0,0
2028,Brighton & Hove Albion,Everton,away team win,0,1
2028,Bournemouth,Crystal Palace,home team win,1,0
2028,Burnley,Leeds United,away team win,0,1
2028,Newcastle United,Liverpool,away team win,0,1
2028,Nottingham Forest,Manchester City,home team win,2,0
2028,Sunderland,Tottenham Hotspur,home team win,1,0
2028,Wolverhampton Wanderers,Aston Villa,away team win,0,1
2028,Fulham,West Ham United,home team win,2,0
2028,Chelsea,Manchester United,home team win,1,0
2028,Brentford,Everton,draw,0,0
2028,Arsenal,Crystal Palace,home team win,1,0
2028,Brighton & Hove Albion,Bournemouth,home team win,1,0
2028,Burnley,Liverpool,draw,0,0
2028,Leeds United,Manchester City,away team win,0,1
2028,Newcastle United,Tottenham Hotspur,draw,0,0
2028,Nottingham Forest,Aston Villa,draw,0,0
2028,Sunderland,West Ham United,home team win,1,0
2028,Wolverhampton Wanderers,Manchester United,away team win,1,2
2028,Fulham,Everton,home team win,1,0
2028,Chelsea,Crystal Palace,away team win,0,1
2028,Brentford,Bournemouth,away team win,0,1
2028,Arsenal,Brighton & Hove Albion,away team win,0,1
2028,Burnley,Manchester City,draw,0,0
2028,Liverpool,Tottenham Hotspur,home team win,1,0
2028,Leeds United,Aston Villa,draw,0,0
2028,Newcastle United,West Ham United,home team win,1,0
2028,Nottingham Forest,Manchester United,away team win,0,1
2028,Sunderland,Everton,draw,0,0
2028,Wolverhampton Wanderers,Crystal Palace,draw,0,0
2028,Fulham,Bournemouth,home team win,1,0
2028,Chelsea,Brighton & Hove Albion,draw,0,0
2028,Brentford,Arsenal,home team win,1,0
2028,Burnley,Tottenham Hotspur,home team win,1,0
2028,Manchester City,Aston Villa,home team win,1,0
2028,Liverpool,West Ham United,away team win,0,1
2028,Leeds United,Manchester United,draw,0,0
2028,Newcastle United,Everton,away team win,0,2
2028,Nottingham Forest,Crystal Palace,draw,0,0
2028,Sunderland,Bournemouth,away team win,0,2
2028,Wolverhampton Wanderers,Brighton & Hove Albion,away team win,0,1
2028,Fulham,Arsenal,home team win,1,0
2028,Chelsea,Brentford,home team win,1,0
2028,Burnley,Aston Villa,away team win,0,1
2028,Tottenham Hotspur,West Ham United,away team win,0,1
2028,Manchester City,Manchester United,home team win,1,0
2028,Liverpool,Everton,away team win,0,1
2028,Leeds United,Crystal Palace,away team win,0,1
2028,Newcastle United,Bournemouth,draw,0,0
2028,Nottingham Forest,Brighton & Hove Albion,away team win,0,1
2028,Sunderland,Arsenal,home team win,1,0
2028,Wolverhampton Wanderers,Brentford,away team win,0,1
2028,Fulham,Chelsea,draw,0,0
2028,Burnley,West Ham United,home team win,1,0
2028,Aston Villa,Manchester United,draw,0,0
2028,Tottenham Hotspur,Everton,home team win,1,0
2028,Manchester City,Crystal Palace,away team win,0,1
2028,Liverpool,Bournemouth,draw,0,0
2028,Leeds United,Brighton & Hove Albion,home team win,1,0
2028,Newcastle United,Arsenal,away team win,0,1
2028,Nottingham Forest,Brentford,draw,0,0
2028,Sunderland,Chelsea,home team win,1,0
2028,Wolverhampton Wanderers,Fulham,draw,0,0
2028,Burnley,Manchester United,home team win,1,0
2028,West Ham United,Everton,draw,0,0
2028,Aston Villa,Crystal Palace,away team win,0,1
2028,Tottenham Hotspur,Bournemouth,home team win,1,0
2028,Manchester City,Brighton & Hove Albion,away team win,0,1
2028,Liverpool,Arsenal,draw,0,0
2028,Leeds United,Brentford,home team win,1,0
2028,Newcastle United,Chelsea,draw,0,0
2028,Nottingham Forest,Fulham,draw,0,0
2028,Sunderland,Wolverhampton Wanderers,away team win,0,1
2028,Burnley,Everton,draw,0,0
2028,Manchester United,Crystal Palace,home team win,2,0
2028,West Ham United,Bournemouth,away team win,0,1
2028,Aston Villa,Brighton & Hove Albion,away team win,0,1
2028,Tottenham Hotspur,Arsenal,away team win,0,1
2028,Manchester City,Brentford,away team win,0,1
2028,Liverpool,Chelsea,home team win,1,0
2028,Leeds United,Fulham,away team win,0,1
2028,Newcastle United,Wolverhampton Wanderers,home team win,1,0
2028,Nottingham Forest,Sunderland,home team win,1,0
2028,Burnley,Crystal Palace,draw,0,0
2028,Everton,Bournemouth,home team win,1,0
2028,Manchester United,Brighton & Hove Albion,draw,1,1
2028,West Ham United,Arsenal,away team win,0,1
2028,Aston Villa,Brentford,home team win,1,0
2028,Tottenham Hotspur,Chelsea,home team win,1,0
2028,Manchester City,Fulham,home team win,1,0
2028,Liverpool,Wolverhampton Wanderers,draw,0,0
2028,Leeds United,Sunderland,home team win,1,0
2028,Newcastle United,Nottingham Forest,away team win,0,1
2028,Burnley,Bournemouth,home team win,1,0
2028,Crystal Palace,Brighton & Hove Albion,away team win,0,1
2028,Everton,Arsenal,away team win,0,1
2028,Manchester United,Brentford,draw,0,0
2028,West Ham United,Chelsea,away team win,0,1
2028,Aston Villa,Fulham,away team win,0,1
2028,Tottenham Hotspur,Wolverhampton Wanderers,home team win,1,0
2028,Manchester City,Sunderland,away team win,0,1
2028,Liverpool,Nottingham Forest,home team win,1,0
2028,Leeds United,Newcastle United,home team win,1,0
2028,Burnley,Brighton & Hove Albion,draw,0,0
2028,Bournemouth,Arsenal,away team win,0,1
2028,Crystal Palace,Brentford,home team win,2,0
2028,Everton,Chelsea,home team win,1,0
2028,Manchester United,Fulham,away team win,0,1
2028,West Ham United,Wolverhampton Wanderers,home team win,1,0
2028,Aston Villa,Sunderland,home team win,1,0
2028,Tottenham Hotspur,Nottingham Forest,away team win,0,1
2028,Manchester City,Newcastle United,home team win,1,0
2028,Liverpool,Leeds United,home team win,1,0
2028,Burnley,Arsenal,away team win,0,1
2028,Brighton & Hove Albion,Brentford,home team win,1,0
2028,Bournemouth,Chelsea,draw,0,0
2028,Crystal Palace,Fulham,away team win,0,1
2028,Everton,Wolverhampton Wanderers,home team win,1,0
2028,Manchester United,Sunderland,away team win,0,1
2028,West Ham United,Nottingham Forest,away team win,0,1
2028,Aston Villa,Newcastle United,home team win,1,0
2028,Tottenham Hotspur,Leeds United,home team win,1,0
2028,Manchester City,Liverpool,draw,0,0
2028,Brentford,Burnley,away team win,1,2
2028,Chelsea,Arsenal,away team win,0,1
2028,Fulham,Brighton & Hove Albion,away team win,0,1
2028,Wolverhampton Wanderers,Bournemouth,away team win,0,1
2028,Sunderland,Crystal Palace,away team win,0,1
2028,Nottingham Forest,Everton,draw,0,0
2028,Newcastle United,Manchester United,away team win,0,1
2028,Leeds United,West Ham United,home team win,1,0
2028,Liverpool,Aston Villa,draw,0,0
2028,Manchester City,Tottenham Hotspur,draw,0,0
2028,Chelsea,Burnley,draw,0,0
2028,Fulham,Brentford,draw,0,0
2028,Wolverhampton Wanderers,Arsenal,away team win,0,2
2028,Sunderland,Brighton & Hove Albion,away team win,0,1
2028,Nottingham Forest,Bournemouth,home team win,1,0
2028,Newcastle United,Crystal Palace,draw,0,0
2028,Leeds United,Everton,home team win,1,0
2028,Liverpool,Manchester United,home team win,1,0
2028,Manchester City,West Ham United,away team win,0,1
2028,Tottenham Hotspur,Aston Villa,draw,0,0
2028,Fulham,Burnley,draw,0,0
2028,Wolverhampton Wanderers,Chelsea,away team win,0,1
2028,Sunderland,Brentford,home team win,1,0
2028,Nottingham Forest,Arsenal,home team win,1,0
2028,Newcastle United,Brighton & Hove Albion,away team win,0,1
2028,Leeds United,Bournemouth,away team win,0,1
2028,Liverpool,Crystal Palace,draw,0,0
2028,Manchester City,Everton,away team win,0,1
2028,Tottenham Hotspur,Manchester United,away team win,0,1
2028,Aston Villa,West Ham United,draw,0,0
2028,Wolverhampton Wanderers,Burnley,draw,0,0
2028,Sunderland,Fulham,draw,0,0
2028,Nottingham Forest,Chelsea,home team win,1,0
2028,Newcastle United,Brentford,away team win,0,1
2028,Leeds United,Arsenal,home team win,1,0
2028,Liverpool,Brighton & Hove Albion,draw,0,0
2028,Manchester City,Bournemouth,draw,0,0
2028,Tottenham Hotspur,Crystal Palace,home team win,1,0
2028,Aston Villa,Everton,draw,0,0
2028,West Ham United,Manchester United,home team win,1,0
2028,Sunderland,Burnley,away team win,0,1
2028,Nottingham Forest,Wolverhampton Wanderers,home team win,1,0
2028,Newcastle United,Fulham,away team win,0,1
2028,Leeds United,Chelsea,draw,0,0
2028,Liverpool,Brentford,home team win,1,0
2028,Manchester City,Arsenal,draw,0,0
2028,Tottenham Hotspur,Brighton & Hove Albion,away team win,0,1
2028,Aston Villa,Bournemouth,draw,0,0
2028,West Ham United,Crystal Palace,home team win,1,0
2028,Manchester United,Everton,away team win,0,1
2028,Nottingham Forest,Burnley,home team win,1,0
2028,Newcastle United,Sunderland,draw,0,0
2028,Leeds United,Wolverhampton Wanderers,home team win,1,0
2028,Liverpool,Fulham,draw,0,0
2028,Manchester City,Chelsea,draw,0,0
2028,Tottenham Hotspur,Brentford,draw,0,0
2028,Aston Villa,Arsenal,draw,0,0
2028,West Ham United,Brighton & Hove Albion,home team win,1,0
2028,Manchester United,Bournemouth,away team win,0,1
2028,Everton,Crystal Palace,draw,0,0
2028,Newcastle United,Burnley,draw,0,0
2028,Leeds United,Nottingham Forest,home team win,1,0
2028,Liverpool,Sunderland,home team win,1,0
2028,Manchester City,Wolverhampton Wanderers,away team win,0,1
2028,Tottenham Hotspur,Fulham,draw,0,0
2028,Aston Villa,Chelsea,draw,0,0
2028,West Ham United,Brentford,home team win,2,0
2028,Manchester United,Arsenal,draw,0,0
2028,Everton,Brighton & Hove Albion,home team win,1,0
2028,Crystal Palace,Bournemouth,home team win,2,1
2028,Leeds United,Burnley,home team win,1,0
2028,Liverpool,Newcastle United,home team win,2,0
2028,Manchester City,Nottingham Forest,draw,0,0
2028,Tottenham Hotspur,Sunderland,home team win,1,0
2028,Aston Villa,Wolverhampton Wanderers,away team win,0,1
2028,West Ham United,Fulham,draw,0,0
2028,Manchester United,Chelsea,away team win,0,1
2028,Everton,Brentford,home team win,1,0
2028,Crystal Palace,Arsenal,draw,0,0
2028,Bournemouth,Brighton & Hove Albion,draw,0,0
2028,Liverpool,Burnley,home team win,2,0
2028,Manchester City,Leeds United,home team win,1,0
2028,Tottenham Hotspur,Newcastle United,home team win,1,0
2028,Aston Villa,Nottingham Forest,home team win,1,0
2028,West Ham United,Sunderland,draw,0,0
2028,Manchester United,Wolverhampton Wanderers,away team win,0,1
2028,Everton,Fulham,away team win,0,1
2028,Crystal Palace,Chelsea,home team win,1,0
2028,Bournemouth,Brentford,home team win,1,0
2028,Brighton & Hove Albion,Arsenal,home team win,1,0
2028,Manchester City,Burnley,home team win,1,0
2028,Tottenham Hotspur,Liverpool,away team win,0,1
2028,Aston Villa,Leeds United,away team win,0,1
2028,West Ham United,Newcastle United,away team win,0,1
2028,Manchester United,Nottingham Forest,away team win,0,1
2028,Everton,Sunderland,draw,0,0
2028,Crystal Palace,Wolverhampton Wanderers,home team win,1,0
2028,Bournemouth,Fulham,away team win,0,1
2028,Brighton & Hove Albion,Chelsea,home team win,1,0
2028,Arsenal,Brentford,home team win,1,0
2028,Tottenham Hotspur,Burnley,away team win,0,1
2028,Aston Villa,Manchester City,draw,0,0
2028,West Ham United,Liverpool,draw,0,0
2028,Manchester United,Leeds United,away team win,0,1
2028,Everton,Newcastle United,draw,0,0
2028,Crystal Palace,Nottingham Forest,away team win,0,1
2028,Bournemouth,Sunderland,draw,0,0
2028,Brighton & Hove Albion,Wolverhampton Wanderers,home team win,1,0
2028,Arsenal,Fulham,home team win,1,0
2028,Brentford,Chelsea,away team win,0,1
2028,Aston Villa,Burnley,draw,0,0
2028,West Ham United,Tottenham Hotspur,draw,0,0
2028,Manchester United,Manchester City,draw,0,0
2028,Everton,Liverpool,away team win,0,1
2028,Crystal Palace,Leeds United,home team win,1,0
2028,Bournemouth,Newcastle United,away team win,0,1
2028,Brighton & Hove Albion,Nottingham Forest,home team win,1,0
2028,Arsenal,Sunderland,draw,0,0
2028,Brentford,Wolverhampton Wanderers,away team win,0,2
2028,Chelsea,Fulham,home team win,1,0
2028,West Ham United,Burnley,draw,0,0
2028,Manchester United,Aston Villa,away team win,0,1
2028,Everton,Tottenham Hotspur,home team win,1,0
2028,Crystal Palace,Manchester City,draw,0,0
2028,Bournemouth,Liverpool,draw,0,0
2028,Brighton & Hove Albion,Leeds United,home team win,1,0
2028,Arsenal,Newcastle United,home team win,1,0
2028,Brentford,Nottingham Forest,away team win,0,2
2028,Chelsea,Sunderland,away team win,0,1
2028,Fulham,Wolverhampton Wanderers,draw,0,0
2028,Manchester United,Burnley,home team win,1,0
2028,Everton,West Ham United,home team win,1,0
2028,Crystal Palace,Aston Villa,draw,0,0
2028,Bournemouth,Tottenham Hotspur,away team win,0,1
2028,Brighton & Hove Albion,Manchester City,away team win,0,1
2028,Arsenal,Liverpool,home team win,1,0
2028,Brentford,Leeds United,away team win,1,2
2028,Chelsea,Newcastle United,draw,0,0
2028,Fulham,Nottingham Forest,home team win,1,0
2028,Wolverhampton Wanderers,Sunderland,away team win,0,1
2028,Everton,Burnley,draw,0,0
2028,Crystal Palace,Manchester United,home team win,1,0
2028,Bournemouth,West Ham United,home team win,1,0
2028,Brighton & Hove Albion,Aston Villa,home team win,2,1
2028,Arsenal,Tottenham Hotspur,home team win,1,0
2028,Brentford,Manchester City,away team win,0,1
2028,Chelsea,Liverpool,away team win,0,1
2028,Fulham,Leeds United,home team win,1,0
2028,Wolverhampton Wanderers,Newcastle United,draw,0,0
2028,Sunderland,Nottingham Forest,away team win,0,1
2028,Crystal Palace,Burnley,draw,0,0
2028,Bournemouth,Everton,away team win,0,1
2028,Brighton & Hove Albion,Manchester United,draw,0,0
2028,Arsenal,West Ham United,draw,0,0
2028,Brentford,Aston Villa,away team win,1,2
2028,Chelsea,Tottenham Hotspur,home team win,1,0
2028,Fulham,Manchester City,draw,0,0
2028,Wolverhampton Wanderers,Liverpool,away team win,0,1
2028,Sunderland,Leeds United,home team win,1,0
2028,Nottingham Forest,Newcastle United,home team win,2,0
2028,Bournemouth,Burnley,away team win,0,1
2028,Brighton & Hove Albion,Crystal Palace,draw,0,0
2028,Arsenal,Everton,home team win,1,0
2028,Brentford,Manchester United,home team win,1,0
2028,Chelsea,West Ham United,draw,0,0
2028,Fulham,Aston Villa,home team win,1,0
2028,Wolverhampton Wanderers,Tottenham Hotspur,draw,0,0
2028,Sunderland,Manchester City,home team win,1,0
2028,Nottingham Forest,Liverpool,draw,0,0
2028,Newcastle United,Leeds United,draw,0,0
2028,Brighton & Hove Albion,Burnley,home team win,1,0
2028,Arsenal,Bournemouth,draw,0,0
2028,Brentford,Crystal Palace,away team win,0,1
2028,Chelsea,Everton,away team win,0,1
2028,Fulham,Manchester United,home team win,1,0
2028,Wolverhampton Wanderers,West Ham United,away team win,0,1
2028,Sunderland,Aston Villa,home team win,1,0
2028,Nottingham Forest,Tottenham Hotspur,home team win,1,0
2028,Newcastle United,Manchester City,draw,0,0
2028,Leeds United,Liverpool,away team win,0,1
2028,Arsenal,Burnley,home team win,1,0
2028,Brentford,Brighton & Hove Albion,away team win,0,1
2028,Chelsea,Bournemouth,away team win,0,1
2028,Fulham,Crystal Palace,away team win,0,1
2028,Wolverhampton Wanderers,Everton,draw,0,0
2028,Sunderland,Manchester United,home team win,1,0
2028,Nottingham Forest,West Ham United,home team win,1,0
2028,Newcastle United,Aston Villa,away team win,0,2
2028,Leeds United,Tottenham Hotspur,home team win,1,0
2028,Liverpool,Manchester City,home team win,1,0
2029,Crystal Palace,Manchester United,home team win,1,0
2029,Aston Villa,Burnley,away team win,0,1
2029,Everton,Leeds United,home team win,1,0
2029,West Ham United,Chelsea,draw,0,0
2029,Fulham,Liverpool,draw,0,0
2029,Tottenham Hotspur,Manchester City,home team win,1,0
2029,Brighton & Hove Albion,Arsenal,draw,0,0
2029,Wolverhampton Wanderers,Brentford,draw,0,0
2029,Nottingham Forest,Bournemouth,home team win,3,0
2029,Newcastle United,Sunderland,away team win,0,1
2029,Crystal Palace,Burnley,away team win,0,1
2029,Manchester United,Leeds United,away team win,0,1
2029,Aston Villa,Chelsea,home team win,1,0
2029,Everton,Liverpool,home team win,2,0
2029,West Ham United,Manchester City,draw,0,0
2029,Fulham,Arsenal,home team win,1,0
2029,Tottenham Hotspur,Brentford,home team win,1,0
2029,Brighton & Hove Albion,Bournemouth,home team win,2,0
2029,Wolverhampton Wanderers,Sunderland,draw,0,0
2029,Nottingham Forest,Newcastle United,home team win,1,0
2029,Crystal Palace,Leeds United,draw,0,0
2029,Burnley,Chelsea,home team win,2,0
2029,Manchester United,Liverpool,away team win,0,1
2029,Aston Villa,Manchester City,away team win,0,1
2029,Everton,Arsenal,away team win,0,1
2029,West Ham United,Brentford,home team win,1,0
2029,Fulham,Bournemouth,home team win,1,0
2029,Tottenham Hotspur,Sunderland,home team win,1,0
2029,Brighton & Hove Albion,Newcastle United,home team win,1,0
2029,Wolverhampton Wanderers,Nottingham Forest,draw,0,0
2029,Crystal Palace,Chelsea,away team win,0,1
2029,Leeds United,Liverpool,draw,1,1
2029,Burnley,Manchester City,draw,0,0
2029,Manchester United,Arsenal,away team win,0,3
2029,Aston Villa,Brentford,home team win,1,0
2029,Everton,Bournemouth,home team win,1,0
2029,West Ham United,Sunderland,away team win,0,1
2029,Fulham,Newcastle United,home team win,1,0
2029,Tottenham Hotspur,Nottingham Forest,home team win,1,0
2029,Brighton & Hove Albion,Wolverhampton Wanderers,away team win,0,1
2029,Crystal Palace,Liverpool,draw,0,0
2029,Chelsea,Manchester City,away team win,0,1
2029,Leeds United,Arsenal,home team win,2,0
2029,Burnley,Brentford,draw,0,0
2029,Manchester United,Bournemouth,draw,0,0
2029,Aston Villa,Sunderland,away team win,0,1
2029,Everton,Newcastle United,away team win,0,1
2029,West Ham United,Nottingham Forest,away team win,0,1
2029,Fulham,Wolverhampton Wanderers,home team win,1,0
2029,Tottenham Hotspur,Brighton & Hove Albion,draw,0,0
2029,Crystal Palace,Manchester City,home team win,2,1
2029,Liverpool,Arsenal,away team win,0,1
2029,Chelsea,Brentford,home team win,1,0
2029,Leeds United,Bournemouth,away team win,0,1
2029,Burnley,Sunderland,home team win,2,0
2029,Manchester United,Newcastle United,home team win,1,0
2029,Aston Villa,Nottingham Forest,home team win,1,0
2029,Everton,Wolverhampton Wanderers,draw,0,0
2029,West Ham United,Brighton & Hove Albion,home team win,1,0
2029,Fulham,Tottenham Hotspur,home team win,1,0
2029,Crystal Palace,Arsenal,away team win,0,1
2029,Manchester City,Brentford,home team win,1,0
2029,Liverpool,Bournemouth,draw,0,0
2029,Chelsea,Sunderland,away team win,0,1
2029,Leeds United,Newcastle United,home team win,1,0
2029,Burnley,Nottingham Forest,draw,0,0
2029,Manchester United,Wolverhampton Wanderers,home team win,1,0
2029,Aston Villa,Brighton & Hove Albion,away team win,0,1
2029,Everton,Tottenham Hotspur,home team win,1,0
2029,West Ham United,Fulham,home team win,1,0
2029,Crystal Palace,Brentford,home team win,2,0
2029,Arsenal,Bournemouth,home team win,1,0
2029,Manchester City,Sunderland,away team win,0,1
2029,Liverpool,Newcastle United,home team win,1,0
2029,Chelsea,Nottingham Forest,home team win,1,0
2029,Leeds United,Wolverhampton Wanderers,home team win,1,0
2029,Burnley,Brighton & Hove Albion,home team win,1,0
2029,Manchester United,Tottenham Hotspur,away team win,0,2
2029,Aston Villa,Fulham,away team win,0,1
2029,Everton,West Ham United,home team win,1,0
2029,Crystal Palace,Bournemouth,home team win,1,0
2029,Brentford,Sunderland,away team win,0,2
2029,Arsenal,Newcastle United,away team win,0,1
2029,Manchester City,Nottingham Forest,draw,0,0
2029,Liverpool,Wolverhampton Wanderers,home team win,1,0
2029,Chelsea,Brighton & Hove Albion,away team win,0,1
2029,Leeds United,Tottenham Hotspur,home team win,1,0
2029,Burnley,Fulham,draw,0,0
2029,Manchester United,West Ham United,home team win,1,0
2029,Aston Villa,Everton,away team win,0,1
2029,Crystal Palace,Sunderland,home team win,2,0
2029,Bournemouth,Newcastle United,draw,0,0
2029,Brentford,Nottingham Forest,home team win,1,0
2029,Arsenal,Wolverhampton Wanderers,home team win,1,0
2029,Manchester City,Brighton & Hove Albion,away team win,0,1
2029,Liverpool,Tottenham Hotspur,home team win,1,0
2029,Chelsea,Fulham,away team win,0,1
2029,Leeds United,West Ham United,home team win,1,0
2029,Burnley,Everton,away team win,0,1
2029,Manchester United,Aston Villa,away team win,0,1
2029,Crystal Palace,Newcastle United,draw,0,0
2029,Sunderland,Nottingham Forest,home team win,1,0
2029,Bournemouth,Wolverhampton Wanderers,home team win,1,0
2029,Brentford,Brighton & Hove Albion,away team win,1,2
2029,Arsenal,Tottenham Hotspur,away team win,0,1
2029,Manchester City,Fulham,draw,0,0
2029,Liverpool,West Ham United,home team win,1,0
2029,Chelsea,Everton,home team win,1,0
2029,Leeds United,Aston Villa,draw,0,0
2029,Burnley,Manchester United,home team win,1,0
2029,Crystal Palace,Nottingham Forest,draw,0,0
2029,Newcastle United,Wolverhampton Wanderers,home team win,2,0
2029,Sunderland,Brighton & Hove Albion,away team win,0,1
2029,Bournemouth,Tottenham Hotspur,home team win,1,0
2029,Brentford,Fulham,away team win,0,1
2029,Arsenal,West Ham United,away team win,0,1
2029,Manchester City,Everton,away team win,0,1
2029,Liverpool,Aston Villa,draw,0,0
2029,Chelsea,Manchester United,draw,0,0
2029,Leeds United,Burnley,draw,0,0
2029,Crystal Palace,Wolverhampton Wanderers,away team win,0,1
2029,Nottingham Forest,Brighton & Hove Albion,draw,0,0
2029,Newcastle United,Tottenham Hotspur,home team win,1,0
2029,Sunderland,Fulham,home team win,2,0
2029,Bournemouth,West Ham United,draw,0,0
2029,Brentford,Everton,away team win,0,2
2029,Arsenal,Aston Villa,home team win,1,0
2029,Manchester City,Manchester United,home team win,1,0
2029,Liverpool,Burnley,home team win,1,0
2029,Chelsea,Leeds United,away team win,0,1
2029,Crystal Palace,Brighton & Hove Albion,draw,0,0
2029,Wolverhampton Wanderers,Tottenham Hotspur,away team win,0,1
2029,Nottingham Forest,Fulham,away team win,0,1
2029,Newcastle United,West Ham United,draw,0,0
2029,Sunderland,Everton,draw,0,0
2029,Bournemouth,Aston Villa,draw,0,0
2029,Brentford,Manchester United,home team win,2,0
2029,Arsenal,Burnley,draw,0,0
2029,Manchester City,Leeds United,draw,0,0
2029,Liverpool,Chelsea,draw,0,0
2029,Crystal Palace,Tottenham Hotspur,away team win,0,1
2029,Brighton & Hove Albion,Fulham,away team win,0,1
2029,Wolverhampton Wanderers,West Ham United,away team win,0,1
2029,Nottingham Forest,Everton,away team win,0,1
2029,Newcastle United,Aston Villa,away team win,0,1
2029,Sunderland,Manchester United,draw,0,0
2029,Bournemouth,Burnley,home team win,1,0
2029,Brentford,Leeds United,home team win,1,0
2029,Arsenal,Chelsea,home team win,1,0
2029,Manchester City,Liverpool,home team win,2,1
2029,Crystal Palace,Fulham,home team win,1,0
2029,Tottenham Hotspur,West Ham United,draw,0,0
2029,Brighton & Hove Albion,Everton,home team win,1,0
2029,Wolverhampton Wanderers,Aston Villa,draw,0,0
2029,Nottingham Forest,Manchester United,draw,0,0
2029,Newcastle United,Burnley,away team win,0,1
2029,Sunderland,Leeds United,draw,0,0
2029,Bournemouth,Chelsea,draw,0,0
2029,Brentford,Liverpool,home team win,1,0
2029,Arsenal,Manchester City,draw,0,0
2029,Crystal Palace,West Ham United,home team win,1,0
2029,Fulham,Everton,home team win,1,0
2029,Tottenham Hotspur,Aston Villa,draw,0,0
2029,Brighton & Hove Albion,Manchester United,home team win,1,0
2029,Wolverhampton Wanderers,Burnley,draw,0,0
2029,Nottingham Forest,Leeds United,draw,0,0
2029,Newcastle United,Chelsea,away team win,0,1
2029,Sunderland,Liverpool,away team win,0,1
2029,Bournemouth,Manchester City,away team win,0,1
2029,Brentford,Arsenal,away team win,0,1
2029,Crystal Palace,Everton,away team win,0,1
2029,West Ham United,Aston Villa,away team win,0,1
2029,Fulham,Manchester United,home team win,1,0
2029,Tottenham Hotspur,Burnley,draw,0,0
2029,Brighton & Hove Albion,Leeds United,away team win,0,1
2029,Wolverhampton Wanderers,Chelsea,home team win,1,0
2029,Nottingham Forest,Liverpool,away team win,0,1
2029,Newcastle United,Manchester City,home team win,1,0
2029,Sunderland,Arsenal,away team win,0,1
2029,Bournemouth,Brentford,away team win,0,1
2029,Crystal Palace,Aston Villa,draw,0,0
2029,Everton,Manchester United,home team win,1,0
2029,West Ham United,Burnley,draw,0,0
2029,Fulham,Leeds United,home team win,1,0
2029,Tottenham Hotspur,Chelsea,home team win,1,0
2029,Brighton & Hove Albion,Liverpool,away team win,0,1
2029,Wolverhampton Wanderers,Manchester City,draw,0,0
2029,Nottingham Forest,Arsenal,away team win,0,1
2029,Newcastle United,Brentford,draw,0,0
2029,Sunderland,Bournemouth,draw,0,0
2029,Manchester United,Crystal Palace,draw,0,0
2029,Burnley,Aston Villa,away team win,0,1
2029,Leeds United,Everton,away team win,0,1
2029,Chelsea,West Ham United,home team win,1,0
2029,Liverpool,Fulham,draw,0,0
2029,Manchester City,Tottenham Hotspur,away team win,0,1
2029,Arsenal,Brighton & Hove Albion,home team win,1,0
2029,Brentford,Wolverhampton Wanderers,away team win,0,2
2029,Bournemouth,Nottingham Forest,away team win,0,1
2029,Sunderland,Newcastle United,away team win,0,1
2029,Burnley,Crystal Palace,home team win,1,0
2029,Leeds United,Manchester United,home team win,1,0
2029,Chelsea,Aston Villa,draw,0,0
2029,Liverpool,Everton,away team win,0,1
2029,Manchester City,West Ham United,home team win,1,0
2029,Arsenal,Fulham,home team win,1,0
2029,Brentford,Tottenham Hotspur,draw,0,0
2029,Bournemouth,Brighton & Hove Albion,away team win,0,1
2029,Sunderland,Wolverhampton Wanderers,draw,0,0
2029,Newcastle United,Nottingham Forest,draw,0,0
2029,Leeds United,Crystal Palace,home team win,1,0
2029,Chelsea,Burnley,draw,0,0
2029,Liverpool,Manchester United,home team win,1,0
2029,Manchester City,Aston Villa,home team win,2,0
2029,Arsenal,Everton,draw,0,0
2029,Brentford,West Ham United,away team win,0,1
2029,Bournemouth,Fulham,away team win,0,1
2029,Sunderland,Tottenham Hotspur,draw,0,0
2029,Newcastle United,Brighton & Hove Albion,draw,0,0
2029,Nottingham Forest,Wolverhampton Wanderers,home team win,1,0
2029,Chelsea,Crystal Palace,home team win,1,0
2029,Liverpool,Leeds United,draw,0,0
2029,Manchester City,Burnley,home team win,1,0
2029,Arsenal,Manchester United,draw,0,0
2029,Brentford,Aston Villa,home team win,1,0
2029,Bournemouth,Everton,draw,0,0
2029,Sunderland,West Ham United,home team win,1,0
2029,Newcastle United,Fulham,draw,0,0
2029,Nottingham Forest,Tottenham Hotspur,home team win,1,0
2029,Wolverhampton Wanderers,Brighton & Hove Albion,away team win,0,1
2029,Liverpool,Crystal Palace,away team win,0,1
2029,Manchester City,Chelsea,away team win,0,1
2029,Arsenal,Leeds United,draw,0,0
2029,Brentford,Burnley,home team win,1,0
2029,Bournemouth,Manchester United,away team win,0,1
2029,Sunderland,Aston Villa,away team win,0,1
2029,Newcastle United,Everton,draw,0,0
2029,Nottingham Forest,West Ham United,home team win,1,0
2029,Wolverhampton Wanderers,Fulham,home team win,1,0
2029,Brighton & Hove Albion,Tottenham Hotspur,draw,0,0
2029,Manchester City,Crystal Palace,draw,0,0
2029,Arsenal,Liverpool,draw,0,0
2029,Brentford,Chelsea,draw,0,0
2029,Bournemouth,Leeds United,draw,0,0
2029,Sunderland,Burnley,draw,0,0
2029,Newcastle United,Manchester United,away team win,0,1
2029,Nottingham Forest,Aston Villa,draw,0,0
2029,Wolverhampton Wanderers,Everton,home team win,1,0
2029,Brighton & Hove Albion,West Ham United,draw,0,0
2029,Tottenham Hotspur,Fulham,away team win,0,1
2029,Arsenal,Crystal Palace,away team win,0,1
2029,Brentford,Manchester City,away team win,0,1
2029,Bournemouth,Liverpool,away team win,0,1
2029,Sunderland,Chelsea,draw,0,0
2029,Newcastle United,Leeds United,draw,0,0
2029,Nottingham Forest,Burnley,draw,0,0
2029,Wolverhampton Wanderers,Manchester United,draw,0,0
2029,Brighton & Hove Albion,Aston Villa,home team win,1,0
2029,Tottenham Hotspur,Everton,home team win,1,0
2029,Fulham,West Ham United,home team win,1,0
2029,Brentford,Crystal Palace,draw,0,0
2029,Bournemouth,Arsenal,home team win,1,0
2029,Sunderland,Manchester City,away team win,0,1
2029,Newcastle United,Liverpool,away team win,0,1
2029,Nottingham Forest,Chelsea,away team win,0,1
2029,Wolverhampton Wanderers,Leeds United,away team win,0,1
2029,Brighton & Hove Albion,Burnley,away team win,0,1
2029,Tottenham Hotspur,Manchester United,draw,0,0
2029,Fulham,Aston Villa,home team win,1,0
2029,West Ham United,Everton,away team win,0,2
2029,Bournemouth,Crystal Palace,home team win,1,0
2029,Sunderland,Brentford,home team win,1,0
2029,Newcastle United,Arsenal,draw,0,0
2029,Nottingham Forest,Manchester City,home team win,1,0
2029,Wolverhampton Wanderers,Liverpool,home team win,1,0
2029,Brighton & Hove Albion,Chelsea,home team win,1,0
2029,Tottenham Hotspur,Leeds United,home team win,1,0
2029,Fulham,Burnley,draw,0,0
2029,West Ham United,Manchester United,home team win,1,0
2029,Everton,Aston Villa,home team win,1,0
2029,Sunderland,Crystal Palace,away team win,0,1
2029,Newcastle United,Bournemouth,draw,0,0
2029,Nottingham Forest,Brentford,home team win,1,0
2029,Wolverhampton Wanderers,Arsenal,home team win,2,0
2029,Brighton & Hove Albion,Manchester City,draw,0,0
2029,Tottenham Hotspur,Liverpool,draw,0,0
2029,Fulham,Chelsea,home team win,1,0
2029,West Ham United,Leeds United,away team win,0,1
2029,Everton,Burnley,home team win,1,0
2029,Aston Villa,Manchester United,away team win,0,1
2029,Newcastle United,Crystal Palace,draw,0,0
2029,Nottingham Forest,Sunderland,draw,0,0
2029,Wolverhampton Wanderers,Bournemouth,home team win,1,0
2029,Brighton & Hove Albion,Brentford,draw,0,0
2029,Tottenham Hotspur,Arsenal,away team win,0,1
2029,Fulham,Manchester City,home team win,1,0
2029,West Ham United,Liverpool,draw,0,0
2029,Everton,Chelsea,draw,0,0
2029,Aston Villa,Leeds United,away team win,0,1
2029,Manchester United,Burnley,draw,0,0
2029,Nottingham Forest,Crystal Palace,away team win,0,1
2029,Wolverhampton Wanderers,Newcastle United,away team win,0,1
2029,Brighton & Hove Albion,Sunderland,home team win,1,0
2029,Tottenham Hotspur,Bournemouth,home team win,1,0
2029,Fulham,Brentford,home team win,1,0
2029,West Ham United,Arsenal,away team win,0,1
2029,Everton,Manchester City,away team win,0,1
2029,Aston Villa,Liverpool,away team win,0,1
2029,Manchester United,Chelsea,draw,0,0
2029,Burnley,Leeds United,home team win,1,0
2029,Wolverhampton Wanderers,Crystal Palace,away team win,0,1
2029,Brighton & Hove Albion,Nottingham Forest,home team win,1,0
2029,Tottenham Hotspur,Newcastle United,away team win,0,1
2029,Fulham,Sunderland,draw,0,0
2029,West Ham United,Bournemouth,away team win,0,1
2029,Everton,Brentford,home team win,1,0
2029,Aston Villa,Arsenal,away team win,0,1
2029,Manchester United,Manchester City,draw,0,0
2029,Burnley,Liverpool,draw,0,0
2029,Leeds United,Chelsea,away team win,0,1
2029,Brighton & Hove Albion,Crystal Palace,home team win,1,0
2029,Tottenham Hotspur,Wolverhampton Wanderers,draw,0,0
2029,Fulham,Nottingham Forest,home team win,1,0
2029,West Ham United,Newcastle United,home team win,1,0
2029,Everton,Sunderland,draw,0,0
2029,Aston Villa,Bournemouth,draw,0,0
2029,Manchester United,Brentford,away team win,0,1
2029,Burnley,Arsenal,away team win,0,1
2029,Leeds United,Manchester City,away team win,0,1
2029,Chelsea,Liverpool,draw,0,0
2029,Tottenham Hotspur,Crystal Palace,away team win,0,1
2029,Fulham,Brighton & Hove Albion,draw,0,0
2029,West Ham United,Wolverhampton Wanderers,away team win,0,1
2029,Everton,Nottingham Forest,away team win,0,1
2029,Aston Villa,Newcastle United,away team win,0,1
2029,Manchester United,Sunderland,away team win,0,1
2029,Burnley,Bournemouth,draw,0,0
2029,Leeds United,Brentford,away team win,0,1
2029,Chelsea,Arsenal,draw,0,0
2029,Liverpool,Manchester City,draw,0,0
2029,Fulham,Crystal Palace,away team win,0,1
2029,West Ham United,Tottenham Hotspur,away team win,0,1
2029,Everton,Brighton & Hove Albion,draw,0,0
2029,Aston Villa,Wolverhampton Wanderers,home team win,1,0
2029,Manchester United,Nottingham Forest,away team win,0,1
2029,Burnley,Newcastle United,away team win,0,1
2029,Leeds United,Sunderland,away team win,0,1
2029,Chelsea,Bournemouth,home team win,1,0
2029,Liverpool,Brentford,home team win,1,0
2029,Manchester City,Arsenal,away team win,0,1
2029,West Ham United,Crystal Palace,away team win,0,1
2029,Everton,Fulham,draw,0,0
2029,Aston Villa,Tottenham Hotspur,draw,0,0
2029,Manchester United,Brighton & Hove Albion,away team win,0,1
2029,Burnley,Wolverhampton Wanderers,home team win,1,0
2029,Leeds United,Nottingham Forest,away team win,0,1
2029,Chelsea,Newcastle United,draw,0,0
2029,Liverpool,Sunderland,home team win,1,0
2029,Manchester City,Bournemouth,draw,0,0
2029,Arsenal,Brentford,home team win,1,0
2029,Everton,Crystal Palace,home team win,1,0
2029,Aston Villa,West Ham United,home team win,1,0
2029,Manchester United,Fulham,away team win,0,2
2029,Burnley,Tottenham Hotspur,away team win,0,1
2029,Leeds United,Brighton & Hove Albion,away team win,0,1
2029,Chelsea,Wolverhampton Wanderers,home team win,1,0
2029,Liverpool,Nottingham Forest,home team win,1,0
2029,Manchester City,Newcastle United,away team win,0,1
2029,Arsenal,Sunderland,away team win,0,1
2029,Brentford,Bournemouth,home team win,1,0
2029,Aston Villa,Crystal Palace,draw,0,0
2029,Manchester United,Everton,away team win,0,1
2029,Burnley,West Ham United,draw,0,0
2029,Leeds United,Fulham,home team win,2,0
2029,Chelsea,Tottenham Hotspur,home team win,1,0
2029,Liverpool,Brighton & Hove Albion,away team win,0,1
2029,Manchester City,Wolverhampton Wanderers,away team win,0,1
2029,Arsenal,Nottingham Forest,away team win,0,1
2029,Brentford,Newcastle United,home team win,1,0
2029,Bournemouth,Sunderland,home team win,1,0
2030,Aston Villa,Manchester United,draw,0,0
2030,Burnley,Leeds United,draw,0,0
2030,Crystal Palace,Newcastle United,draw,0,0
2030,Bournemouth,Chelsea,away team win,0,1
2030,Nottingham Forest,Fulham,home team win,1,0
2030,Tottenham Hotspur,West Ham United,home team win,1,0
2030,Sunderland,Brentford,home team win,1,0
2030,Wolverhampton Wanderers,Brighton & Hove Albion,away team win,0,1
2030,Manchester City,Liverpool,draw,0,0
2030,Everton,Arsenal,draw,0,0
2030,Aston Villa,Leeds United,home team win,1,0
2030,Manchester United,Newcastle United,draw,0,0
2030,Burnley,Chelsea,away team win,0,1
2030,Crystal Palace,Fulham,home team win,1,0
2030,Bournemouth,West Ham United,home team win,1,0
2030,Nottingham Forest,Brentford,draw,0,0
2030,Tottenham Hotspur,Brighton & Hove Albion,away team win,0,1
2030,Sunderland,Liverpool,draw,0,0
2030,Wolverhampton Wanderers,Arsenal,away team win,0,1
2030,Manchester City,Everton,home team win,1,0
2030,Aston Villa,Newcastle United,away team win,1,2
2030,Leeds United,Chelsea,away team win,0,1
2030,Manchester United,Fulham,home team win,1,0
2030,Burnley,West Ham United,away team win,0,1
2030,Crystal Palace,Brentford,away team win,0,1
2030,Bournemouth,Brighton & Hove Albion,home team win,1,0
2030,Nottingham Forest,Liverpool,away team win,0,1
2030,Tottenham Hotspur,Arsenal,away team win,0,1
2030,Sunderland,Everton,home team win,1,0
2030,Wolverhampton Wanderers,Manchester City,away team win,0,1
2030,Aston Villa,Chelsea,draw,0,0
2030,Newcastle United,Fulham,away team win,0,1
2030,Leeds United,West Ham United,home team win,1,0
2030,Manchester United,Brentford,away team win,0,1
2030,Burnley,Brighton & Hove Albion,away team win,0,1
2030,Crystal Palace,Liverpool,home team win,1,0
2030,Bournemouth,Arsenal,draw,0,0
2030,Nottingham Forest,Everton,away team win,0,1
2030,Tottenham Hotspur,Manchester City,away team win,0,1
2030,Sunderland,Wolverhampton Wanderers,draw,0,0
2030,Aston Villa,Fulham,draw,0,0
2030,Chelsea,West Ham United,draw,0,0
2030,Newcastle United,Brentford,home team win,1,0
2030,Leeds United,Brighton & Hove Albion,away team win,0,1
2030,Manchester United,Liverpool,draw,0,0
2030,Burnley,Arsenal,draw,0,0
2030,Crystal Palace,Everton,home team win,1,0
2030,Bournemouth,Manchester City,away team win,0,1
2030,Nottingham Forest,Wolverhampton Wanderers,draw,0,0
2030,Tottenham Hotspur,Sunderland,home team win,1,0
2030,Aston Villa,West Ham United,draw,0,0
2030,Fulham,Brentford,home team win,1,0
2030,Chelsea,Brighton & Hove Albion,away team win,0,1
2030,Newcastle United,Liverpool,away team win,0,1
2030,Leeds United,Arsenal,away team win,0,1
2030,Manchester United,Everton,draw,1,1
2030,Burnley,Manchester City,draw,0,0
2030,Crystal Palace,Wolverhampton Wanderers,draw,0,0
2030,Bournemouth,Sunderland,away team win,0,1
2030,Nottingham Forest,Tottenham Hotspur,home team win,1,0
2030,Aston Villa,Brentford,home team win,1,0
2030,West Ham United,Brighton & Hove Albion,draw,0,0
2030,Fulham,Liverpool,draw,0,0
2030,Chelsea,Arsenal,home team win,1,0
2030,Newcastle United,Everton,away team win,0,1
2030,Leeds United,Manchester City,away team win,0,1
2030,Manchester United,Wolverhampton Wanderers,away team win,0,1
2030,Burnley,Sunderland,away team win,0,1
2030,Crystal Palace,Tottenham Hotspur,home team win,1,0
2030,Bournemouth,Nottingham Forest,draw,0,0
2030,Aston Villa,Brighton & Hove Albion,draw,0,0
2030,Brentford,Liverpool,away team win,0,1
2030,West Ham United,Arsenal,draw,0,0
2030,Fulham,Everton,home team win,1,0
2030,Chelsea,Manchester City,draw,0,0
2030,Newcastle United,Wolverhampton Wanderers,home team win,1,0
2030,Leeds United,Sunderland,draw,0,0
2030,Manchester United,Tottenham Hotspur,home team win,1,0
2030,Burnley,Nottingham Forest,home team win,1,0
2030,Crystal Palace,Bournemouth,draw,0,0
2030,Aston Villa,Liverpool,draw,0,0
2030,Brighton & Hove Albion,Arsenal,home team win,1,0
2030,Brentford,Everton,draw,0,0
2030,West Ham United,Manchester City,draw,0,0
2030,Fulham,Wolverhampton Wanderers,draw,0,0
2030,Chelsea,Sunderland,home team win,1,0
2030,Newcastle United,Tottenham Hotspur,home team win,1,0
2030,Leeds United,Nottingham Forest,away team win,0,1
2030,Manchester United,Bournemouth,draw,0,0
2030,Burnley,Crystal Palace,draw,0,0
2030,Aston Villa,Arsenal,away team win,0,1
2030,Liverpool,Everton,draw,0,0
2030,Brighton & Hove Albion,Manchester City,home team win,1,0
2030,Brentford,Wolverhampton Wanderers,away team win,0,1
2030,West Ham United,Sunderland,home team win,1,0
2030,Fulham,Tottenham Hotspur,away team win,0,1
2030,Chelsea,Nottingham Forest,home team win,1,0
2030,Newcastle United,Bournemouth,home team win,1,0
2030,Leeds United,Crystal Palace,draw,0,0
2030,Manchester United,Burnley,home team win,1,0
2030,Aston Villa,Everton,draw,0,0
2030,Arsenal,Manchester City,away team win,0,1
2030,Liverpool,Wolverhampton Wanderers,home team win,1,0
2030,Brighton & Hove Albion,Sunderland,home team win,1,0
2030,Brentford,Tottenham Hotspur,away team win,0,1
2030,West Ham United,Nottingham Forest,draw,0,0
2030,Fulham,Bournemouth,draw,0,0
2030,Chelsea,Crystal Palace,home team win,1,0
2030,Newcastle United,Burnley,home team win,1,0
2030,Leeds United,Manchester United,home team win,2,0
2030,Aston Villa,Manchester City,away team win,0,1
2030,Everton,Wolverhampton Wanderers,home team win,1,0
2030,Arsenal,Sunderland,home team win,1,0
2030,Liverpool,Tottenham Hotspur,draw,0,0
2030,Brighton & Hove Albion,Nottingham Forest,home team win,1,0
2030,Brentford,Bournemouth,away team win,0,1
2030,West Ham United,Crystal Palace,home team win,1,0
2030,Fulham,Burnley,home team win,1,0
2030,Chelsea,Manchester United,home team win,1,0
2030,Newcastle United,Leeds United,away team win,0,1
2030,Aston Villa,Wolverhampton Wanderers,draw,0,0
2030,Manchester City,Sunderland,draw,0,0
2030,Everton,Tottenham Hotspur,draw,0,0
2030,Arsenal,Nottingham Forest,away team win,0,1
2030,Liverpool,Bournemouth,home team win,1,0
2030,Brighton & Hove Albion,Crystal Palace,draw,0,0
2030,Brentford,Burnley,draw,0,0
2030,West Ham United,Manchester United,home team win,1,0
2030,Fulham,Leeds United,away team win,0,1
2030,Chelsea,Newcastle United,home team win,1,0
2030,Aston Villa,Sunderland,draw,0,0
2030,Wolverhampton Wanderers,Tottenham Hotspur,away team win,0,1
2030,Manchester City,Nottingham Forest,home team win,1,0
2030,Everton,Bournemouth,home team win,1,0
2030,Arsenal,Crystal Palace,draw,0,0
2030,Liverpool,Burnley,home team win,1,0
2030,Brighton & Hove Albion,Manchester United,home team win,1,0
2030,Brentford,Leeds United,draw,0,0
2030,West Ham United,Newcastle United,home team win,1,0
2030,Fulham,Chelsea,draw,0,0
2030,Aston Villa,Tottenham Hotspur,away team win,0,1
2030,Sunderland,Nottingham Forest,away team win,0,1
2030,Wolverhampton Wanderers,Bournemouth,home team win,1,0
2030,Manchester City,Crystal Palace,home team win,1,0
2030,Everton,Burnley,home team win,1,0
2030,Arsenal,Manchester United,home team win,1,0
2030,Liverpool,Leeds United,home team win,1,0
2030,Brighton & Hove Albion,Newcastle United,draw,0,0
2030,Brentford,Chelsea,home team win,1,0
2030,West Ham United,Fulham,away team win,0,1
2030,Aston Villa,Nottingham Forest,away team win,0,1
2030,Tottenham Hotspur,Bournemouth,home team win,1,0
2030,Sunderland,Crystal Palace,away team win,0,2
2030,Wolverhampton Wanderers,Burnley,home team win,2,0
2030,Manchester City,Manchester United,home team win,2,0
2030,Everton,Leeds United,away team win,0,1
2030,Arsenal,Newcastle United,home team win,1,0
2030,Liverpool,Chelsea,home team win,1,0
2030,Brighton & Hove Albion,Fulham,draw,0,0
2030,Brentford,West Ham United,away team win,0,1
2030,Aston Villa,Bournemouth,draw,0,0
2030,Nottingham Forest,Crystal Palace,home team win,1,0
2030,Tottenham Hotspur,Burnley,home team win,1,0
2030,Sunderland,Manchester United,away team win,0,1
2030,Wolverhampton Wanderers,Leeds United,draw,0,0
2030,Manchester City,Newcastle United,draw,0,0
2030,Everton,Chelsea,away team win,0,1
2030,Arsenal,Fulham,home team win,1,0
2030,Liverpool,West Ham United,draw,1,1
2030,Brighton & Hove Albion,Brentford,home team win,1,0
2030,Aston Villa,Crystal Palace,away team win,0,1
2030,Bournemouth,Burnley,home team win,1,0
2030,Nottingham Forest,Manchester United,away team win,0,1
2030,Tottenham Hotspur,Leeds United,draw,0,0
2030,Sunderland,Newcastle United,home team win,1,0
2030,Wolverhampton Wanderers,Chelsea,away team win,0,1
2030,Manchester City,Fulham,home team win,1,0
2030,Everton,West Ham United,draw,0,0
2030,Arsenal,Brentford,home team win,1,0
2030,Liverpool,Brighton & Hove Albion,away team win,0,1
2030,Aston Villa,Burnley,away team win,0,1
2030,Crystal Palace,Manchester United,away team win,0,1
2030,Bournemouth,Leeds United,away team win,0,1
2030,Nottingham Forest,Newcastle United,home team win,1,0
2030,Tottenham Hotspur,Chelsea,home team win,1,0
2030,Sunderland,Fulham,home team win,1,0
2030,Wolverhampton Wanderers,West Ham United,away team win,0,1
2030,Manchester City,Brentford,home team win,1,0
2030,Everton,Brighton & Hove Albion,away team win,0,1
2030,Arsenal,Liverpool,draw,0,0
2030,Manchester United,Aston Villa,home team win,1,0
2030,Leeds United,Burnley,draw,0,0
2030,Newcastle United,Crystal Palace,away team win,0,1
2030,Chelsea,Bournemouth,draw,0,0
2030,Fulham,Nottingham Forest,home team win,1,0
2030,West Ham United,Tottenham Hotspur,draw,0,0
2030,Brentford,Sunderland,home team win,1,0
2030,Brighton & Hove Albion,Wolverhampton Wanderers,home team win,1,0
2030,Liverpool,Manchester City,home team win,1,0
2030,Arsenal,Everton,home team win,1,0
2030,Leeds United,Aston Villa,away team win,0,1
2030,Newcastle United,Manchester United,home team win,1,0
2030,Chelsea,Burnley,draw,0,0
2030,Fulham,Crystal Palace,home team win,1,0
2030,West Ham United,Bournemouth,away team win,0,1
2030,Brentford,Nottingham Forest,draw,0,0
2030,Brighton & Hove Albion,Tottenham Hotspur,home team win,1,0
2030,Liverpool,Sunderland,home team win,1,0
2030,Arsenal,Wolverhampton Wanderers,away team win,0,1
2030,Everton,Manchester City,away team win,0,3
2030,Newcastle United,Aston Villa,draw,0,0
2030,Chelsea,Leeds United,draw,0,0
2030,Fulham,Manchester United,away team win,0,1
2030,West Ham United,Burnley,draw,0,0
2030,Brentford,Crystal Palace,away team win,0,2
2030,Brighton & Hove Albion,Bournemouth,draw,0,0
2030,Liverpool,Nottingham Forest,away team win,0,1
2030,Arsenal,Tottenham Hotspur,draw,0,0
2030,Everton,Sunderland,away team win,0,1
2030,Manchester City,Wolverhampton Wanderers,home team win,1,0
2030,Chelsea,Aston Villa,draw,0,0
2030,Fulham,Newcastle United,away team win,0,1
2030,West Ham United,Leeds United,away team win,0,1
2030,Brentford,Manchester United,home team win,1,0
2030,Brighton & Hove Albion,Burnley,home team win,1,0
2030,Liverpool,Crystal Palace,home team win,1,0
2030,Arsenal,Bournemouth,home team win,1,0
2030,Everton,Nottingham Forest,home team win,1,0
2030,Manchester City,Tottenham Hotspur,draw,0,0
2030,Wolverhampton Wanderers,Sunderland,draw,1,1
2030,Fulham,Aston Villa,draw,0,0
2030,West Ham United,Chelsea,away team win,0,1
2030,Brentford,Newcastle United,away team win,0,1
2030,Brighton & Hove Albion,Leeds United,away team win,0,1
2030,Liverpool,Manchester United,home team win,1,0
2030,Arsenal,Burnley,home team win,1,0
2030,Everton,Crystal Palace,draw,0,0
2030,Manchester City,Bournemouth,home team win,2,0
2030,Wolverhampton Wanderers,Nottingham Forest,draw,0,0
2030,Sunderland,Tottenham Hotspur,home team win,1,0
2030,West Ham United,Aston Villa,away team win,0,1
2030,Brentford,Fulham,away team win,0,1
2030,Brighton & Hove Albion,Chelsea,draw,0,0
2030,Liverpool,Newcastle United,away team win,0,1
2030,Arsenal,Leeds United,home team win,1,0
2030,Everton,Manchester United,home team win,1,0
2030,Manchester City,Burnley,home team win,2,0
2030,Wolverhampton Wanderers,Crystal Palace,draw,0,0
2030,Sunderland,Bournemouth,away team win,0,1
2030,Tottenham Hotspur,Nottingham Forest,away team win,0,1
2030,Brentford,Aston Villa,away team win,0,1
2030,Brighton & Hove Albion,West Ham United,draw,0,0
2030,Liverpool,Fulham,draw,0,0
2030,Arsenal,Chelsea,away team win,0,1
2030,Everton,Newcastle United,away team win,0,1
2030,Manchester City,Leeds United,home team win,1,0
2030,Wolverhampton Wanderers,Manchester United,away team win,0,1
2030,Sunderland,Burnley,home team win,1,0
2030,Tottenham Hotspur,Crystal Palace,away team win,0,1
2030,Nottingham Forest,Bournemouth,home team win,1,0
2030,Brighton & Hove Albion,Aston Villa,away team win,0,1
2030,Liverpool,Brentford,draw,0,0
2030,Arsenal,West Ham United,home team win,1,0
2030,Everton,Fulham,home team win,1,0
2030,Manchester City,Chelsea,draw,0,0
2030,Wolverhampton Wanderers,Newcastle United,home team win,1,0
2030,Sunderland,Leeds United,draw,0,0
2030,Tottenham Hotspur,Manchester United,draw,0,0
2030,Nottingham Forest,Burnley,home team win,1,0
2030,Bournemouth,Crystal Palace,away team win,0,1
2030,Liverpool,Aston Villa,home team win,1,0
2030,Arsenal,Brighton & Hove Albion,home team win,1,0
2030,Everton,Brentford,away team win,0,1
2030,Manchester City,West Ham United,home team win,1,0
2030,Wolverhampton Wanderers,Fulham,home team win,1,0
2030,Sunderland,Chelsea,away team win,0,1
2030,Tottenham Hotspur,Newcastle United,draw,0,0
2030,Nottingham Forest,Leeds United,away team win,0,1
2030,Bournemouth,Manchester United,away team win,0,1
2030,Crystal Palace,Burnley,away team win,0,2
2030,Arsenal,Aston Villa,away team win,0,1
2030,Everton,Liverpool,home team win,1,0
2030,Manchester City,Brighton & Hove Albion,away team win,0,1
2030,Wolverhampton Wanderers,Brentford,away team win,0,1
2030,Sunderland,West Ham United,home team win,1,0
2030,Tottenham Hotspur,Fulham,away team win,0,1
2030,Nottingham Forest,Chelsea,away team win,0,1
2030,Bournemouth,Newcastle United,draw,0,0
2030,Crystal Palace,Leeds United,home team win,1,0
2030,Burnley,Manchester United,away team win,0,2
2030,Everton,Aston Villa,away team win,0,1
2030,Manchester City,Arsenal,draw,0,0
2030,Wolverhampton Wanderers,Liverpool,draw,0,0
2030,Sunderland,Brighton & Hove Albion,draw,0,0
2030,Tottenham Hotspur,Brentford,home team win,1,0
2030,Nottingham Forest,West Ham United,draw,0,0
2030,Bournemouth,Fulham,away team win,0,1
2030,Crystal Palace,Chelsea,draw,0,0
2030,Burnley,Newcastle United,draw,0,0
2030,Manchester United,Leeds United,away team win,0,1
2030,Manchester City,Aston Villa,home team win,1,0
2030,Wolverhampton Wanderers,Everton,draw,0,0
2030,Sunderland,Arsenal,draw,0,0
2030,Tottenham Hotspur,Liverpool,away team win,0,1
2030,Nottingham Forest,Brighton & Hove Albion,away team win,0,1
2030,Bournemouth,Brentford,draw,0,0
2030,Crystal Palace,West Ham United,draw,0,0
2030,Burnley,Fulham,away team win,0,1
2030,Manchester United,Chelsea,home team win,1,0
2030,Leeds United,Newcastle United,away team win,0,1
2030,Wolverhampton Wanderers,Aston Villa,home team win,1,0
2030,Sunderland,Manchester City,draw,0,0
2030,Tottenham Hotspur,Everton,home team win,1,0
2030,Nottingham Forest,Arsenal,away team win,0,1
2030,Bournemouth,Liverpool,draw,0,0
2030,Crystal Palace,Brighton & Hove Albion,home team win,1,0
2030,Burnley,Brentford,away team win,0,1
2030,Manchester United,West Ham United,draw,0,0
2030,Leeds United,Fulham,draw,0,0
2030,Newcastle United,Chelsea,home team win,1,0
2030,Sunderland,Aston Villa,home team win,1,0
2030,Tottenham Hotspur,Wolverhampton Wanderers,home team win,1,0
2030,Nottingham Forest,Manchester City,home team win,1,0
2030,Bournemouth,Everton,draw,0,0
2030,Crystal Palace,Arsenal,home team win,1,0
2030,Burnley,Liverpool,draw,0,0
2030,Manchester United,Brighton & Hove Albion,away team win,0,1
2030,Leeds United,Brentford,draw,0,0
2030,Newcastle United,West Ham United,home team win,1,0
2030,Chelsea,Fulham,home team win,1,0
2030,Tottenham Hotspur,Aston Villa,home team win,1,0
2030,Nottingham Forest,Sunderland,draw,0,0
2030,Bournemouth,Wolverhampton Wanderers,away team win,0,1
2030,Crystal Palace,Manchester City,draw,0,0
2030,Burnley,Everton,draw,0,0
2030,Manchester United,Arsenal,home team win,1,0
2030,Leeds United,Liverpool,draw,0,0
2030,Newcastle United,Brighton & Hove Albion,home team win,1,0
2030,Chelsea,Brentford,home team win,1,0
2030,Fulham,West Ham United,home team win,1,0
2030,Nottingham Forest,Aston Villa,home team win,1,0
2030,Bournemouth,Tottenham Hotspur,home team win,1,0
2030,Crystal Palace,Sunderland,home team win,1,0
2030,Burnley,Wolverhampton Wanderers,home team win,1,0
2030,Manchester United,Manchester City,away team win,0,1
2030,Leeds United,Everton,home team win,1,0
2030,Newcastle United,Arsenal,draw,0,0
2030,Chelsea,Liverpool,away team win,0,1
2030,Fulham,Brighton & Hove Albion,draw,0,0
2030,West Ham United,Brentford,away team win,0,1
2030,Bournemouth,Aston Villa,home team win,1,0
2030,Crystal Palace,Nottingham Forest,away team win,0,1
2030,Burnley,Tottenham Hotspur,home team win,1,0
2030,Manchester United,Sunderland,draw,0,0
2030,Leeds United,Wolverhampton Wanderers,home team win,1,0
2030,Newcastle United,Manchester City,home team win,2,1
2030,Chelsea,Everton,home team win,1,0
2030,Fulham,Arsenal,home team win,1,0
2030,West Ham United,Liverpool,away team win,0,1
2030,Brentford,Brighton & Hove Albion,away team win,0,2
2030,Crystal Palace,Aston Villa,draw,0,0
2030,Burnley,Bournemouth,draw,0,0
2030,Manchester United,Nottingham Forest,away team win,0,1
2030,Leeds United,Tottenham Hotspur,home team win,1,0
2030,Newcastle United,Sunderland,draw,0,0
2030,Chelsea,Wolverhampton Wanderers,home team win,2,0
2030,Fulham,Manchester City,home team win,1,0
2030,West Ham United,Everton,away team win,0,1
2030,Brentford,Arsenal,draw,0,0
2030,Brighton & Hove Albion,Liverpool,home team win,1,0
2030,Burnley,Aston Villa,away team win,0,1
2030,Manchester United,Crystal Palace,home team win,1,0
2030,Leeds United,Bournemouth,home team win,1,0
2030,Newcastle United,Nottingham Forest,home team win,1,0
2030,Chelsea,Tottenham Hotspur,home team win,1,0
2030,Fulham,Sunderland,home team win,1,0
2030,West Ham United,Wolverhampton Wanderers,away team win,0,1
2030,Brentford,Manchester City,home team win,1,0
2030,Brighton & Hove Albion,Everton,draw,0,0
2030,Liverpool,Arsenal,home team win,1,0
