predicted_on,season,kickoff_utc,home_team_name,away_team_name,p_home,p_draw,p_away
2026-10-06,2026,2026-10-10 11:30,Arsenal,Leeds United,0.6986,0.195,0.1064
2026-10-06,2026,2026-10-10 14:00,Aston Villa,Brentford,0.4735,0.2437,0.2827
2026-10-06,2026,2026-10-10 14:00,Chelsea,Bournemouth,0.3387,0.2807,0.3806
2026-10-06,2026,2026-10-10 14:00,Ipswich Town,Fulham,0.2767,0.2418,0.4815
2026-10-06,2026,2026-10-10 14:00,Sunderland,Brighton & Hove Albion,0.338,0.2654,0.3965
2026-10-06,2026,2026-10-10 16:30,Manchester United,Tottenham Hotspur,0.6153,0.2231,0.1616
2026-10-06,2026,2026-10-11 13:00,Crystal Palace,Nottingham Forest,0.3794,0.2667,0.3539
2026-10-06,2026,2026-10-11 13:00,Hull City,Everton,0.1949,0.2165,0.5886
2026-10-06,2026,2026-10-11 15:30,Liverpool,Manchester City,0.342,0.2632,0.3948
2026-10-06,2026,2026-10-12 19:00,Coventry City,Newcastle United,0.3423,0.2379,0.4198
