Season,Team,1,2,3,4,5,6,7,8,9,10,11,12,13,14,15,16,17,18,19,20
2026,Arsenal,0.4562,0.3204,0.1126,0.0482,0.027,0.0152,0.0084,0.0044,0.0038,0.0012,0.001,0.0012,0.0002,0.0,0.0,0.0002,0.0,0.0,0.0,0.0
2026,Aston Villa,0.0022,0.005,0.0182,0.0344,0.036,0.0494,0.0576,0.0622,0.0682,0.0758,0.0716,0.0772,0.0814,0.0682,0.0728,0.0614,0.0634,0.0512,0.0266,0.0172
2026,Bournemouth,0.0078,0.0258,0.0622,0.0848,0.1092,0.0974,0.092,0.0768,0.0774,0.07,0.063,0.056,0.0462,0.0398,0.033,0.0244,0.0184,0.0098,0.0038,0.0022
2026,Brentford,0.0042,0.0118,0.036,0.047,0.059,0.063,0.0676,0.0748,0.077,0.0754,0.079,0.0744,0.0714,0.0672,0.0566,0.044,0.0392,0.0266,0.0188,0.007
2026,Brighton & Hove Albion,0.048,0.116,0.1834,0.149,0.1136,0.0888,0.0722,0.0582,0.0446,0.0304,0.0252,0.0204,0.0186,0.0114,0.0076,0.006,0.0032,0.0032,0.0,0.0002
2026,Chelsea,0.0012,0.0082,0.0258,0.044,0.0442,0.0534,0.0612,0.0666,0.0712,0.0772,0.0804,0.0772,0.0776,0.0686,0.068,0.0598,0.0464,0.0352,0.0216,0.0122
2026,Coventry City,0.0,0.0002,0.0002,0.0024,0.0028,0.0056,0.0106,0.011,0.0154,0.0214,0.0258,0.0372,0.0402,0.0478,0.0658,0.0876,0.114,0.1508,0.1834,0.1778
2026,Crystal Palace,0.0,0.002,0.0054,0.007,0.012,0.0184,0.0246,0.0314,0.0388,0.0486,0.057,0.0656,0.073,0.0834,0.0936,0.0992,0.101,0.0992,0.0818,0.058
2026,Everton,0.0096,0.0338,0.0698,0.0802,0.094,0.1016,0.0982,0.0824,0.0768,0.0692,0.0636,0.0498,0.0488,0.0368,0.032,0.0224,0.0156,0.0086,0.0056,0.0012
2026,Fulham,0.001,0.0034,0.0078,0.015,0.0268,0.0322,0.0442,0.046,0.058,0.057,0.0732,0.0716,0.0868,0.086,0.0878,0.0886,0.0822,0.06,0.0472,0.0252
2026,Hull City,0.0,0.0,0.0,0.0002,0.0002,0.0008,0.0006,0.0016,0.0024,0.0076,0.0084,0.0106,0.0192,0.0284,0.0376,0.0606,0.0898,0.1458,0.2336,0.3526
2026,Ipswich Town,0.0,0.0002,0.0008,0.0014,0.0018,0.0016,0.0044,0.0068,0.0078,0.0128,0.0164,0.0228,0.0294,0.0428,0.0594,0.081,0.116,0.1556,0.201,0.238
2026,Leeds United,0.0052,0.017,0.0452,0.0562,0.0708,0.0744,0.0812,0.0818,0.08,0.0848,0.073,0.0692,0.0612,0.0554,0.0476,0.0364,0.0274,0.0198,0.0094,0.004
2026,Liverpool,0.0224,0.049,0.1052,0.1338,0.1146,0.095,0.0882,0.079,0.0672,0.058,0.0474,0.038,0.0268,0.0266,0.0194,0.0122,0.01,0.004,0.0022,0.001
2026,Manchester City,0.4176,0.316,0.132,0.0626,0.031,0.0176,0.0104,0.0038,0.004,0.001,0.0014,0.0004,0.0012,0.0004,0.0002,0.0004,0.0,0.0,0.0,0.0
2026,Manchester United,0.0196,0.0664,0.1284,0.1204,0.1118,0.1082,0.0796,0.0788,0.0582,0.0494,0.0424,0.0392,0.0284,0.026,0.017,0.0126,0.0062,0.0046,0.0016,0.0012
2026,Newcastle United,0.001,0.006,0.0156,0.0278,0.039,0.0408,0.0502,0.0616,0.0658,0.0586,0.0696,0.073,0.0738,0.0868,0.079,0.0792,0.0682,0.0522,0.034,0.0178
2026,Nottingham Forest,0.0008,0.0068,0.0222,0.0364,0.0426,0.0514,0.0604,0.0682,0.0748,0.0782,0.0722,0.0838,0.0734,0.0738,0.0696,0.0576,0.0518,0.0384,0.0264,0.0112
2026,Sunderland,0.0032,0.0108,0.0256,0.0412,0.0524,0.0678,0.0656,0.0792,0.0698,0.0812,0.0738,0.0732,0.0692,0.0674,0.0564,0.0614,0.0414,0.0334,0.0182,0.0088
2026,Tottenham Hotspur,0.0,0.0012,0.0036,0.008,0.0112,0.0174,0.0228,0.0254,0.0388,0.0422,0.0556,0.0592,0.0732,0.0832,0.0966,0.105,0.1058,0.1016,0.0848,0.0644
