season,round,kickoff_utc,home_team_name,away_team_name
2026,1,2026-08-21 19:00,Arsenal,Coventry City
2026,1,2026-08-22 11:30,Hull City,Manchester United
2026,1,2026-08-22 14:00,Everton,Crystal Palace
2026,1,2026-08-22 14:00,Ipswich Town,Sunderland
2026,1,2026-08-22 14:00,Nottingham Forest,Leeds United
2026,1,2026-08-22 16:30,Brentford,Tottenham Hotspur
2026,1,2026-08-23 13:00,Brighton & Hove Albion,Aston Villa
2026,1,2026-08-23 13:00,Manchester City,Bournemouth
2026,1,2026-08-23 15:30,Newcastle United,Liverpool
2026,1,2026-08-24 19:00,Fulham,Chelsea
2026,2,2026-08-28 19:00,Crystal Palace,Manchester City
2026,2,2026-08-29 11:30,Liverpool,Nottingham Forest
2026,2,2026-08-29 14:00,Bournemouth,Everton
2026,2,2026-08-29 14:00,Coventry City,Hull City
2026,2,2026-08-29 16:30,Tottenham Hotspur,Newcastle United
2026,2,2026-08-30 13:00,Chelsea,Brighton & Hove Albion
2026,2,2026-08-30 13:00,Leeds United,Brentford
2026,2,2026-08-30 13:00,Sunderland,Fulham
2026,2,2026-08-30 15:30,Manchester United,Ipswich Town
2026,2,2026-08-31 19:00,Aston Villa,Arsenal
2026,3,2026-09-04 19:00,Ipswich Town,Liverpool
2026,3,2026-09-05 11:30,Newcastle United,Bournemouth
2026,3,2026-09-05 14:00,Brentford,Sunderland
2026,3,2026-09-05 14:00,Brighton & Hove Albion,Leeds United
2026,3,2026-09-05 14:00,Fulham,Crystal Palace
2026,3,2026-09-05 14:00,Manchester City,Coventry City
2026,3,2026-09-05 14:00,Nottingham Forest,Tottenham Hotspur
2026,3,2026-09-05 16:30,Hull City,Aston Villa
2026,3,2026-09-06 13:00,Everton,Manchester United
2026,3,2026-09-06 15:30,Arsenal,Chelsea
2026,4,2026-09-12 14:00,Aston Villa,Nottingham Forest
2026,4,2026-09-12 14:00,Bournemouth,Brentford
2026,4,2026-09-12 14:00,Chelsea,Hull City
2026,4,2026-09-12 14:00,Crystal Palace,Ipswich Town
2026,4,2026-09-12 14:00,Liverpool,Fulham
2026,4,2026-09-12 16:30,Tottenham Hotspur,Everton
2026,4,2026-09-12 19:00,Sunderland,Arsenal
2026,4,2026-09-13 13:00,Coventry City,Brighton & Hove Albion
2026,4,2026-09-13 15:30,Manchester United,Manchester City
2026,4,2026-09-14 19:00,Leeds United,Newcastle United
2026,5,2026-09-18 19:00,Brentford,Chelsea
2026,5,2026-09-19 11:30,Tottenham Hotspur,Aston Villa
2026,5,2026-09-19 14:00,Brighton & Hove Albion,Arsenal
2026,5,2026-09-19 14:00,Everton,Ipswich Town
2026,5,2026-09-19 14:00,Newcastle United,Hull City
2026,5,2026-09-19 16:30,Nottingham Forest,Coventry City
2026,5,2026-09-20 13:00,Bournemouth,Liverpool
2026,5,2026-09-20 13:00,Leeds United,Crystal Palace
2026,5,2026-09-20 13:00,Manchester City,Sunderland
2026,5,2026-09-20 15:30,Fulham,Manchester United
2026,6,2026-10-10 11:30,Arsenal,Leeds United
2026,6,2026-10-10 14:00,Aston Villa,Brentford
2026,6,2026-10-10 14:00,Chelsea,Bournemouth
2026,6,2026-10-10 14:00,Ipswich Town,Fulham
2026,6,2026-10-10 14:00,Sunderland,Brighton & Hove Albion
2026,6,2026-10-10 16:30,Manchester United,Tottenham Hotspur
2026,6,2026-10-11 13:00,Crystal Palace,Nottingham Forest
2026,6,2026-10-11 13:00,Hull City,Everton
2026,6,2026-10-11 15:30,Liverpool,Manchester City
2026,6,2026-10-12 19:00,Coventry City,Newcastle United
2026,7,2026-10-17 11:30,Everton,Chelsea
2026,7,2026-10-17 14:00,Brentford,Liverpool
2026,7,2026-10-17 14:00,Fulham,Hull City
2026,7,2026-10-17 14:00,Manchester City,Ipswich Town
2026,7,2026-10-17 16:30,Newcastle United,Aston Villa
2026,7,2026-10-18 13:00,Bournemouth,Sunderland
2026,7,2026-10-18 13:00,Brighton & Hove Albion,Crystal Palace
2026,7,2026-10-18 13:00,Leeds United,Manchester United
2026,7,2026-10-18 15:30,Nottingham Forest,Arsenal
2026,7,2026-10-19 19:00,Tottenham Hotspur,Coventry City
2026,8,2026-10-23 19:00,Ipswich Town,Nottingham Forest
2026,8,2026-10-24 11:30,Aston Villa,Manchester City
2026,8,2026-10-24 14:00,Arsenal,Everton
2026,8,2026-10-24 14:00,Coventry City,Fulham
2026,8,2026-10-24 16:30,Chelsea,Tottenham Hotspur
2026,8,2026-10-25 14:00,Crystal Palace,Newcastle United
2026,8,2026-10-25 14:00,Hull City,Brentford
2026,8,2026-10-25 14:00,Liverpool,Brighton & Hove Albion
2026,8,2026-10-25 14:00,Manchester United,Bournemouth
2026,8,2026-10-25 16:30,Sunderland,Leeds United
2026,9,2026-10-31 12:30,Chelsea,Manchester United
2026,9,2026-10-31 15:00,Bournemouth,Leeds United
2026,9,2026-10-31 15:00,Brentford,Nottingham Forest
2026,9,2026-10-31 15:00,Coventry City,Sunderland
2026,9,2026-10-31 15:00,Hull City,Ipswich Town
2026,9,2026-10-31 15:00,Manchester City,Brighton & Hove Albion
2026,9,2026-10-31 17:30,Tottenham Hotspur,Crystal Palace
2026,9,2026-10-31 20:00,Aston Villa,Fulham
2026,9,2026-11-01 16:30,Liverpool,Arsenal
2026,9,2026-11-02 20:00,Newcastle United,Everton
2026,10,2026-11-06 20:00,Everton,Coventry City
2026,10,2026-11-07 12:30,Leeds United,Tottenham Hotspur
2026,10,2026-11-07 15:00,Arsenal,Hull City
2026,10,2026-11-07 15:00,Fulham,Newcastle United
2026,10,2026-11-07 17:30,Nottingham Forest,Manchester City
2026,10,2026-11-08 14:00,Brighton & Hove Albion,Brentford
2026,10,2026-11-08 14:00,Crystal Palace,Liverpool
2026,10,2026-11-08 14:00,Ipswich Town,Bournemouth
2026,10,2026-11-08 14:00,Sunderland,Chelsea
2026,10,2026-11-08 16:30,Manchester United,Aston Villa
2026,11,2026-11-21 12:30,Manchester City,Fulham
2026,11,2026-11-21 15:00,Aston Villa,Sunderland
2026,11,2026-11-21 15:00,Bournemouth,Nottingham Forest
2026,11,2026-11-21 15:00,Chelsea,Leeds United
2026,11,2026-11-21 15:00,Coventry City,Crystal Palace
2026,11,2026-11-21 15:00,Tottenham Hotspur,Ipswich Town
2026,11,2026-11-21 17:30,Newcastle United,Arsenal
2026,11,2026-11-22 14:00,Hull City,Brighton & Hove Albion
2026,11,2026-11-22 16:30,Liverpool,Manchester United
2026,11,2026-11-23 20:00,Brentford,Everton
2026,12,2026-11-27 20:00,Nottingham Forest,Chelsea
2026,12,2026-11-28 15:00,Leeds United,Coventry City
2026,12,2026-11-28 15:00,Manchester United,Brentford
2026,12,2026-11-28 17:30,Ipswich Town,Aston Villa
2026,12,2026-11-29 12:00,Everton,Liverpool
2026,12,2026-11-29 14:05,Brighton & Hove Albion,Newcastle United
2026,12,2026-11-29 14:05,Crystal Palace,Hull City
2026,12,2026-11-29 14:05,Fulham,Bournemouth
2026,12,2026-11-29 14:05,Sunderland,Tottenham Hotspur
2026,12,2026-11-29 16:30,Arsenal,Manchester City
2026,13,2026-12-02 20:00,Aston Villa,Everton
2026,13,2026-12-02 20:00,Bournemouth,Brighton & Hove Albion
2026,13,2026-12-02 20:00,Brentford,Arsenal
2026,13,2026-12-02 20:00,Chelsea,Crystal Palace
2026,13,2026-12-02 20:00,Coventry City,Ipswich Town
2026,13,2026-12-02 20:00,Hull City,Nottingham Forest
2026,13,2026-12-02 20:00,Liverpool,Sunderland
2026,13,2026-12-02 20:00,Manchester City,Leeds United
2026,13,2026-12-02 20:00,Newcastle United,Manchester United
2026,13,2026-12-02 20:00,Tottenham Hotspur,Fulham
2026,14,2026-12-05 15:00,Aston Villa,Crystal Palace
2026,14,2026-12-05 15:00,Bournemouth,Hull City
2026,14,2026-12-05 15:00,Brentford,Manchester City
2026,14,2026-12-05 15:00,Chelsea,Liverpool
2026,14,2026-12-05 15:00,Everton,Fulham
2026,14,2026-12-05 15:00,Leeds United,Ipswich Town
2026,14,2026-12-05 15:00,Manchester United,Coventry City
2026,14,2026-12-05 15:00,Newcastle United,Sunderland
2026,14,2026-12-05 15:00,Nottingham Forest,Brighton & Hove Albion
2026,14,2026-12-05 15:00,Tottenham Hotspur,Arsenal
2026,15,2026-12-12 15:00,Arsenal,Bournemouth
2026,15,2026-12-12 15:00,Brighton & Hove Albion,Everton
2026,15,2026-12-12 15:00,Coventry City,Aston Villa
2026,15,2026-12-12 15:00,Crystal Palace,Manchester United
2026,15,2026-12-12 15:00,Fulham,Brentford
2026,15,2026-12-12 15:00,Hull City,Tottenham Hotspur
2026,15,2026-12-12 15:00,Ipswich Town,Newcastle United
2026,15,2026-12-12 15:00,Liverpool,Leeds United
2026,15,2026-12-12 15:00,Manchester City,Chelsea
2026,15,2026-12-12 15:00,Sunderland,Nottingham Forest
2026,16,2026-12-19 15:00,Arsenal,Manchester United
2026,16,2026-12-19 15:00,Bournemouth,Coventry City
2026,16,2026-12-19 15:00,Brentford,Newcastle United
2026,16,2026-12-19 15:00,Brighton & Hove Albion,Ipswich Town
2026,16,2026-12-19 15:00,Chelsea,Aston Villa
2026,16,2026-12-19 15:00,Leeds United,Fulham
2026,16,2026-12-19 15:00,Liverpool,Tottenham Hotspur
2026,16,2026-12-19 15:00,Manchester City,Hull City
2026,16,2026-12-19 15:00,Nottingham Forest,Everton
2026,16,2026-12-19 15:00,Sunderland,Crystal Palace
2026,17,2026-12-26 12:30,Aston Villa,Leeds United
2026,17,2026-12-26 15:00,Everton,Sunderland
2026,17,2026-12-26 15:00,Fulham,Brighton & Hove Albion
2026,17,2026-12-26 15:00,Ipswich Town,Brentford
2026,17,2026-12-26 15:00,Tottenham Hotspur,Bournemouth
2026,17,2026-12-26 17:30,Hull City,Liverpool
2026,17,2026-12-26 20:00,Newcastle United,Manchester City
2026,17,2026-12-27 14:00,Coventry City,Chelsea
2026,17,2026-12-27 16:30,Manchester United,Nottingham Forest
2026,17,2026-12-27 19:00,Crystal Palace,Arsenal
2026,18,2026-12-29 19:30,Hull City,Leeds United
2026,18,2026-12-29 19:30,Tottenham Hotspur,Brighton & Hove Albion
2026,18,2026-12-29 20:15,Everton,Manchester City
2026,18,2026-12-30 19:30,Coventry City,Brentford
2026,18,2026-12-30 19:30,Crystal Palace,Bournemouth
2026,18,2026-12-30 19:30,Fulham,Arsenal
2026,18,2026-12-30 19:30,Manchester United,Sunderland
2026,18,2026-12-30 19:30,Newcastle United,Nottingham Forest
2026,18,2026-12-30 20:15,Aston Villa,Liverpool
2026,18,2026-12-30 20:15,Ipswich Town,Chelsea
2026,19,2027-01-01 20:00,Leeds United,Everton
2026,19,2027-01-02 12:30,Brighton & Hove Albion,Manchester United
2026,19,2027-01-02 15:00,Arsenal,Ipswich Town
2026,19,2027-01-02 15:00,Brentford,Crystal Palace
2026,19,2027-01-02 15:00,Liverpool,Coventry City
2026,19,2027-01-02 15:00,Nottingham Forest,Fulham
2026,19,2027-01-02 15:00,Sunderland,Hull City
2026,19,2027-01-02 17:30,Bournemouth,Aston Villa
2026,19,2027-01-03 14:00,Chelsea,Newcastle United
2026,19,2027-01-03 16:30,Manchester City,Tottenham Hotspur
2026,20,2027-01-05 19:30,Arsenal,Brentford
2026,20,2027-01-05 19:30,Brighton & Hove Albion,Bournemouth
2026,20,2027-01-05 19:30,Everton,Aston Villa
2026,20,2027-01-05 19:30,Nottingham Forest,Hull City
2026,20,2027-01-05 20:15,Sunderland,Liverpool
2026,20,2027-01-06 19:30,Crystal Palace,Chelsea
2026,20,2027-01-06 19:30,Fulham,Tottenham Hotspur
2026,20,2027-01-06 19:30,Ipswich Town,Coventry City
2026,20,2027-01-06 20:15,Leeds United,Manchester City
2026,20,2027-01-07 20:00,Manchester United,Newcastle United
2026,21,2027-01-16 15:00,Aston Villa,Manchester United
2026,21,2027-01-16 15:00,Bournemouth,Ipswich Town
2026,21,2027-01-16 15:00,Brentford,Brighton & Hove Albion
2026,21,2027-01-16 15:00,Chelsea,Sunderland
2026,21,2027-01-16 15:00,Coventry City,Everton
2026,21,2027-01-16 15:00,Hull City,Arsenal
2026,21,2027-01-16 15:00,Liverpool,Crystal Palace
2026,21,2027-01-16 15:00,Manchester City,Nottingham Forest
2026,21,2027-01-16 15:00,Newcastle United,Fulham
2026,21,2027-01-16 15:00,Tottenham Hotspur,Leeds United
2026,22,2027-01-23 15:00,Arsenal,Newcastle United
2026,22,2027-01-23 15:00,Brighton & Hove Albion,Manchester City
2026,22,2027-01-23 15:00,Crystal Palace,Tottenham Hotspur
2026,22,2027-01-23 15:00,Everton,Brentford
2026,22,2027-01-23 15:00,Fulham,Aston Villa
2026,22,2027-01-23 15:00,Ipswich Town,Hull City
2026,22,2027-01-23 15:00,Leeds United,Chelsea
2026,22,2027-01-23 15:00,Manchester United,Liverpool
2026,22,2027-01-23 15:00,Nottingham Forest,Bournemouth
2026,22,2027-01-23 15:00,Sunderland,Coventry City
2026,23,2027-01-30 15:00,Aston Villa,Ipswich Town
2026,23,2027-01-30 15:00,Bournemouth,Fulham
2026,23,2027-01-30 15:00,Brentford,Manchester United
2026,23,2027-01-30 15:00,Chelsea,Nottingham Forest
2026,23,2027-01-30 15:00,Coventry City,Leeds United
2026,23,2027-01-30 15:00,Hull City,Crystal Palace
2026,23,2027-01-30 15:00,Liverpool,Everton
2026,23,2027-01-30 15:00,Manchester City,Arsenal
2026,23,2027-01-30 15:00,Newcastle United,Brighton & Hove Albion
2026,23,2027-01-30 15:00,Tottenham Hotspur,Sunderland
2026,24,2027-02-06 15:00,Arsenal,Liverpool
2026,24,2027-02-06 15:00,Brighton & Hove Albion,Hull City
2026,24,2027-02-06 15:00,Crystal Palace,Coventry City
2026,24,2027-02-06 15:00,Everton,Newcastle United
2026,24,2027-02-06 15:00,Fulham,Manchester City
2026,24,2027-02-06 15:00,Ipswich Town,Tottenham Hotspur
2026,24,2027-02-06 15:00,Leeds United,Bournemouth
2026,24,2027-02-06 15:00,Manchester United,Chelsea
2026,24,2027-02-06 15:00,Nottingham Forest,Brentford
2026,24,2027-02-06 15:00,Sunderland,Aston Villa
2026,25,2027-02-10 20:00,Aston Villa,Bournemouth
2026,25,2027-02-10 20:00,Coventry City,Liverpool
2026,25,2027-02-10 20:00,Crystal Palace,Brentford
2026,25,2027-02-10 20:00,Everton,Leeds United
2026,25,2027-02-10 20:00,Fulham,Nottingham Forest
2026,25,2027-02-10 20:00,Hull City,Sunderland
2026,25,2027-02-10 20:00,Ipswich Town,Arsenal
2026,25,2027-02-10 20:00,Manchester United,Brighton & Hove Albion
2026,25,2027-02-10 20:00,Newcastle United,Chelsea
2026,25,2027-02-10 20:00,Tottenham Hotspur,Manchester City
2026,26,2027-02-20 15:00,Arsenal,Fulham
2026,26,2027-02-20 15:00,Bournemouth,Crystal Palace
2026,26,2027-02-20 15:00,Brentford,Coventry City
2026,26,2027-02-20 15:00,Brighton & Hove Albion,Tottenham Hotspur
2026,26,2027-02-20 15:00,Chelsea,Ipswich Town
2026,26,2027-02-20 15:00,Leeds United,Aston Villa
2026,26,2027-02-20 15:00,Liverpool,Hull City
2026,26,2027-02-20 15:00,Manchester City,Newcastle United
2026,26,2027-02-20 15:00,Nottingham Forest,Manchester United
2026,26,2027-02-20 15:00,Sunderland,Everton
2026,27,2027-02-27 15:00,Aston Villa,Chelsea
2026,27,2027-02-27 15:00,Coventry City,Bournemouth
2026,27,2027-02-27 15:00,Crystal Palace,Sunderland
2026,27,2027-02-27 15:00,Everton,Nottingham Forest
2026,27,2027-02-27 15:00,Fulham,Leeds United
2026,27,2027-02-27 15:00,Hull City,Manchester City
2026,27,2027-02-27 15:00,Ipswich Town,Brighton & Hove Albion
2026,27,2027-02-27 15:00,Manchester United,Arsenal
2026,27,2027-02-27 15:00,Newcastle United,Brentford
2026,27,2027-02-27 15:00,Tottenham Hotspur,Liverpool
2026,28,2027-03-03 20:00,Arsenal,Crystal Palace
2026,28,2027-03-03 20:00,Bournemouth,Tottenham Hotspur
2026,28,2027-03-03 20:00,Brentford,Ipswich Town
2026,28,2027-03-03 20:00,Brighton & Hove Albion,Fulham
2026,28,2027-03-03 20:00,Chelsea,Coventry City
2026,28,2027-03-03 20:00,Leeds United,Hull City
2026,28,2027-03-03 20:00,Liverpool,Aston Villa
2026,28,2027-03-03 20:00,Manchester City,Everton
2026,28,2027-03-03 20:00,Nottingham Forest,Newcastle United
2026,28,2027-03-03 20:00,Sunderland,Manchester United
2026,29,2027-03-13 15:00,Aston Villa,Hull City
2026,29,2027-03-13 15:00,Bournemouth,Newcastle United
2026,29,2027-03-13 15:00,Chelsea,Arsenal
2026,29,2027-03-13 15:00,Coventry City,Manchester City
2026,29,2027-03-13 15:00,Crystal Palace,Fulham
2026,29,2027-03-13 15:00,Leeds United,Brighton & Hove Albion
2026,29,2027-03-13 15:00,Liverpool,Ipswich Town
2026,29,2027-03-13 15:00,Manchester United,Everton
2026,29,2027-03-13 15:00,Sunderland,Brentford
2026,29,2027-03-13 15:00,Tottenham Hotspur,Nottingham Forest
2026,30,2027-03-20 15:00,Arsenal,Sunderland
2026,30,2027-03-20 15:00,Brentford,Bournemouth
2026,30,2027-03-20 15:00,Brighton & Hove Albion,Coventry City
2026,30,2027-03-20 15:00,Everton,Tottenham Hotspur
2026,30,2027-03-20 15:00,Fulham,Liverpool
2026,30,2027-03-20 15:00,Hull City,Chelsea
2026,30,2027-03-20 15:00,Ipswich Town,Crystal Palace
2026,30,2027-03-20 15:00,Manchester City,Manchester United
2026,30,2027-03-20 15:00,Newcastle United,Leeds United
2026,30,2027-03-20 15:00,Nottingham Forest,Aston Villa
2026,31,2027-04-10 14:00,Aston Villa,Brighton & Hove Albion
2026,31,2027-04-10 14:00,Bournemouth,Manchester City
2026,31,2027-04-10 14:00,Chelsea,Fulham
2026,31,2027-04-10 14:00,Coventry City,Arsenal
2026,31,2027-04-10 14:00,Crystal Palace,Everton
2026,31,2027-04-10 14:00,Leeds United,Nottingham Forest
2026,31,2027-04-10 14:00,Liverpool,Newcastle United
2026,31,2027-04-10 14:00,Manchester United,Hull City
2026,31,2027-04-10 14:00,Sunderland,Ipswich Town
2026,31,2027-04-10 14:00,Tottenham Hotspur,Brentford
2026,32,2027-04-17 14:00,Arsenal,Aston Villa
2026,32,2027-04-17 14:00,Brentford,Leeds United
2026,32,2027-04-17 14:00,Brighton & Hove Albion,Chelsea
2026,32,2027-04-17 14:00,Everton,Bournemouth
2026,32,2027-04-17 14:00,Fulham,Sunderland
2026,32,2027-04-17 14:00,Hull City,Coventry City
2026,32,2027-04-17 14:00,Ipswich Town,Manchester United
2026,32,2027-04-17 14:00,Manchester City,Crystal Palace
2026,32,2027-04-17 14:00,Newcastle United,Tottenham Hotspur
2026,32,2027-04-17 14:00,Nottingham Forest,Liverpool
2026,33,2027-04-24 14:00,Aston Villa,Coventry City
2026,33,2027-04-24 14:00,Bournemouth,Arsenal
2026,33,2027-04-24 14:00,Brentford,Fulham
2026,33,2027-04-24 14:00,Chelsea,Manchester City
2026,33,2027-04-24 14:00,Everton,Brighton & Hove Albion
2026,33,2027-04-24 14:00,Leeds United,Liverpool
2026,33,2027-04-24 14:00,Manchester United,Crystal Palace
2026,33,2027-04-24 14:00,Newcastle United,Ipswich Town
2026,33,2027-04-24 14:00,Nottingham Forest,Sunderland
2026,33,2027-04-24 14:00,Tottenham Hotspur,Hull City
2026,34,2027-05-01 14:00,Arsenal,Tottenham Hotspur
2026,34,2027-05-01 14:00,Brighton & Hove Albion,Nottingham Forest
2026,34,2027-05-01 14:00,Coventry City,Manchester United
2026,34,2027-05-01 14:00,Crystal Palace,Aston Villa
2026,34,2027-05-01 14:00,Fulham,Everton
2026,34,2027-05-01 14:00,Hull City,Bournemouth
2026,34,2027-05-01 14:00,Ipswich Town,Leeds United
2026,34,2027-05-01 14:00,Liverpool,Chelsea
2026,34,2027-05-01 14:00,Manchester City,Brentford
2026,34,2027-05-01 14:00,Sunderland,Newcastle United
2026,35,2027-05-08 14:00,Bournemouth,Manchester United
2026,35,2027-05-08 14:00,Brentford,Aston Villa
2026,35,2027-05-08 14:00,Brighton & Hove Albion,Sunderland
2026,35,2027-05-08 14:00,Everton,Hull City
2026,35,2027-05-08 14:00,Fulham,Ipswich Town
2026,35,2027-05-08 14:00,Leeds United,Arsenal
2026,35,2027-05-08 14:00,Manchester City,Liverpool
2026,35,2027-05-08 14:00,Newcastle United,Coventry City
2026,35,2027-05-08 14:00,Nottingham Forest,Crystal Palace
2026,35,2027-05-08 14:00,Tottenham Hotspur,Chelsea
2026,36,2027-05-15 14:00,Arsenal,Nottingham Forest
2026,36,2027-05-15 14:00,Aston Villa,Newcastle United
2026,36,2027-05-15 14:00,Chelsea,Everton
2026,36,2027-05-15 14:00,Coventry City,Tottenham Hotspur
2026,36,2027-05-15 14:00,Crystal Palace,Brighton & Hove Albion
2026,36,2027-05-15 14:00,Hull City,Fulham
2026,36,2027-05-15 14:00,Ipswich Town,Manchester City
2026,36,2027-05-15 14:00,Liverpool,Brentford
2026,36,2027-05-15 14:00,Manchester United,Leeds United
2026,36,2027-05-15 14:00,Sunderland,Bournemouth
2026,37,2027-05-23 14:00,Bournemouth,Chelsea
2026,37,2027-05-23 14:00,Brentford,Hull City
2026,37,2027-05-23 14:00,Brighton & Hove Albion,Liverpool
2026,37,2027-05-23 14:00,Everton,Arsenal
2026,37,2027-05-23 14:00,Fulham,Coventry City
2026,37,2027-05-23 14:00,Leeds United,Sunderland
2026,37,2027-05-23 14:00,Manchester City,Aston Villa
2026,37,2027-05-23 14:00,Newcastle United,Crystal Palace
2026,37,2027-05-23 14:00,Nottingham Forest,Ipswich Town
2026,37,2027-05-23 14:00,Tottenham Hotspur,Manchester United
2026,38,2027-05-30 15:00,Arsenal,Brighton & Hove Albion
2026,38,2027-05-30 15:00,Aston Villa,Tottenham Hotspur
2026,38,2027-05-30 15:00,Chelsea,Brentford
2026,38,2027-05-30 15:00,Coventry City,Nottingham Forest
2026,38,2027-05-30 15:00,Crystal Palace,Leeds United
2026,38,2027-05-30 15:00,Hull City,Newcastle United
2026,38,2027-05-30 15:00,Ipswich Town,Everton
2026,38,2027-05-30 15:00,Liverpool,Bournemouth
2026,38,2027-05-30 15:00,Manchester United,Fulham
2026,38,2027-05-30 15:00,Sunderland,Manchester City
